Restaurant_ID,Restaurant_Name,Cuisine,City,Food_Item,Holiday,Weather,Weekend,Year,Quarter,Month,Day,Sum of Customers,Unsold_Quantity,Waste_Per_Customer,Waste_Percentage,Sales_Percentage,Sum of Remaining_Quantity,Sum of Prepared_Quantity,Sum of Discount_Percent,Sum of Sold_Quantity,Sum of Temperature_C,Sum of Waste_Amount_kg
R001,Spice Garden,Chinese,Chennai,Fried Rice,No,Cloudy,No,2025,Qtr 1,January,23,85,29,0.101294118,4.220588235,85.78431373,29,204,20,175,35,8.61
R001,Spice Garden,Chinese,Chennai,Fried Rice,No,Cloudy,No,2025,Qtr 3,July,14,79,63,0.203797468,6.939655172,72.84482759,63,232,10,169,26,16.1
R001,Spice Garden,Chinese,Chennai,Fried Rice,No,Cloudy,No,2025,Qtr 3,August,27,143,36,0.069300699,5.082051282,81.53846154,36,195,15,159,29,9.91
R001,Spice Garden,Chinese,Chennai,Fried Rice,No,Cloudy,No,2025,Qtr 4,November,21,47,64,0.337659574,11.17605634,54.92957746,64,142,5,78,32,15.87
R001,Spice Garden,Chinese,Chennai,Fried Rice,No,Cloudy,Yes,2025,Qtr 2,May,18,135,27,0.037777778,3.566433566,81.11888112,27,143,5,116,33,5.1
R001,Spice Garden,Chinese,Chennai,Fried Rice,No,Cloudy,Yes,2025,Qtr 2,May,31,106,42,0.077924528,3.116981132,84.1509434,42,265,10,223,39,8.26
R001,Spice Garden,Chinese,Chennai,Fried Rice,No,Cloudy,Yes,2025,Qtr 2,June,29,226,12,0.016946903,1.850241546,94.20289855,12,207,15,195,36,3.83
R001,Spice Garden,Chinese,Chennai,Fried Rice,No,Cloudy,Yes,2025,Qtr 4,November,22,190,0,0,0,100,0,294,20,294,26,0
R001,Spice Garden,Chinese,Chennai,Fried Rice,No,Rainy,No,2025,Qtr 3,July,17,17,28,0.477647059,13.09677419,54.83870968,28,62,5,34,40,8.12
R001,Spice Garden,Chinese,Chennai,Fried Rice,No,Rainy,No,2025,Qtr 3,August,4,204,53,0.054558824,4.280769231,79.61538462,53,260,25,207,35,11.13
R001,Spice Garden,Chinese,Chennai,Fried Rice,No,Rainy,No,2025,Qtr 4,December,2,14,31,0.547142857,15.32,38,31,50,15,19,24,7.66
R001,Spice Garden,Chinese,Chennai,Fried Rice,No,Rainy,No,2025,Qtr 4,December,16,52,4,0.016923077,0.778761062,96.46017699,4,113,15,109,33,0.88
R001,Spice Garden,Chinese,Chennai,Fried Rice,No,Rainy,Yes,2025,Qtr 4,November,29,50,16,0.0644,4.805970149,76.11940299,16,67,5,51,23,3.22
R001,Spice Garden,Chinese,Chennai,Fried Rice,No,Sunny,No,2025,Qtr 1,January,15,31,19,0.110967742,4.914285714,72.85714286,19,70,10,51,37,3.44
R001,Spice Garden,Chinese,Chennai,Fried Rice,No,Sunny,No,2025,Qtr 1,February,26,61,43,0.211311475,8.709459459,70.94594595,43,148,5,105,23,12.89
R001,Spice Garden,Chinese,Chennai,Fried Rice,No,Sunny,No,2025,Qtr 2,June,10,98,79,0.188877551,6.295918367,73.1292517,79,294,20,215,22,18.51
R001,Spice Garden,Chinese,Chennai,Fried Rice,No,Sunny,No,2025,Qtr 3,July,30,137,23,0.041313869,2.058181818,91.63636364,23,275,25,252,34,5.66
R001,Spice Garden,Chinese,Chennai,Fried Rice,No,Sunny,No,2025,Qtr 3,August,22,101,37,0.06990099,3.427184466,82.03883495,37,206,0,169,40,7.06
R001,Spice Garden,Chinese,Chennai,Fried Rice,No,Sunny,No,2025,Qtr 3,September,18,137,69,0.104963504,4.841750842,76.76767677,69,297,0,228,37,14.38
R001,Spice Garden,Chinese,Chennai,Fried Rice,No,Sunny,No,2025,Qtr 4,October,7,77,9,0.035064935,2.673267327,91.08910891,9,101,25,92,32,2.7
R001,Spice Garden,Chinese,Chennai,Fried Rice,No,Sunny,Yes,2025,Qtr 1,March,16,55,0,0,0,100,0,64,15,64,34,0
R001,Spice Garden,Chinese,Chennai,Fried Rice,No,Sunny,Yes,2025,Qtr 4,October,12,38,0,0,0,100,0,79,20,79,36,0
R001,Spice Garden,Chinese,Chennai,Fried Rice,Yes,Cloudy,No,2025,Qtr 4,November,7,135,56,0.127111111,7.364806867,75.96566524,56,233,0,177,28,17.16
R001,Spice Garden,Chinese,Chennai,Fried Rice,Yes,Rainy,No,2025,Qtr 2,May,8,214,55,0.063130841,5.95154185,75.77092511,55,227,25,172,30,13.51
R001,Spice Garden,Chinese,Chennai,Fried Rice,Yes,Rainy,No,2025,Qtr 4,October,23,107,9,0.02682243,1.952380952,93.87755102,9,147,10,138,23,2.87
R001,Spice Garden,Chinese,Chennai,Fried Rice,Yes,Sunny,Yes,2025,Qtr 2,June,22,46,0,0,0,100,0,93,25,93,32,0
R001,Spice Garden,Chinese,Chennai,Manchurian,No,Cloudy,No,2025,Qtr 2,June,24,29,24,0.285172414,11.81428571,65.71428571,24,70,5,46,31,8.27
R001,Spice Garden,Chinese,Chennai,Manchurian,No,Cloudy,No,2025,Qtr 2,June,26,188,50,0.054361702,3.729927007,81.75182482,50,274,20,224,34,10.22
R001,Spice Garden,Chinese,Chennai,Manchurian,No,Cloudy,No,2025,Qtr 3,August,25,151,17,0.024238411,2.407894737,88.81578947,17,152,20,135,29,3.66
R001,Spice Garden,Chinese,Chennai,Manchurian,No,Cloudy,No,2025,Qtr 4,October,6,133,46,0.10075188,8.701298701,70.12987013,46,154,0,108,22,13.4
R001,Spice Garden,Chinese,Chennai,Manchurian,No,Rainy,No,2025,Qtr 3,August,5,84,61,0.219047619,10.76023392,64.32748538,61,171,5,110,30,18.4
R001,Spice Garden,Chinese,Chennai,Manchurian,No,Rainy,No,2025,Qtr 4,October,15,39,25,0.204358974,7.81372549,75.49019608,25,102,10,77,36,7.97
R001,Spice Garden,Chinese,Chennai,Manchurian,No,Rainy,Yes,2025,Qtr 2,May,24,73,54,0.257123288,9.292079208,73.26732673,54,202,10,148,32,18.77
R001,Spice Garden,Chinese,Chennai,Manchurian,No,Rainy,Yes,2025,Qtr 4,November,15,87,43,0.14954023,8.080745342,73.29192547,43,161,20,118,23,13.01
R001,Spice Garden,Chinese,Chennai,Manchurian,No,Sunny,No,2025,Qtr 1,January,9,73,43,0.200547945,8.043956044,76.37362637,43,182,5,139,31,14.64
R001,Spice Garden,Chinese,Chennai,Manchurian,No,Sunny,No,2025,Qtr 1,January,28,111,51,0.127567568,5.039145907,81.85053381,51,281,20,230,22,14.16
R001,Spice Garden,Chinese,Chennai,Manchurian,No,Sunny,No,2025,Qtr 1,March,6,101,69,0.144356436,6.845070423,67.6056338,69,213,0,144,37,14.58
R001,Spice Garden,Chinese,Chennai,Manchurian,No,Sunny,No,2025,Qtr 2,April,9,62,36,0.166451613,7.818181818,72.72727273,36,132,20,96,25,10.32
R001,Spice Garden,Chinese,Chennai,Manchurian,No,Sunny,No,2025,Qtr 2,May,7,83,72,0.230240964,8.686363636,67.27272727,72,220,0,148,28,19.11
R001,Spice Garden,Chinese,Chennai,Manchurian,No,Sunny,No,2025,Qtr 4,October,10,68,72,0.235588235,7.416666667,66.66666667,72,216,15,144,37,16.02
R001,Spice Garden,Chinese,Chennai,Manchurian,No,Sunny,No,2025,Qtr 4,November,11,199,71,0.097788945,6.619047619,75.85034014,71,294,10,223,32,19.46
R001,Spice Garden,Chinese,Chennai,Manchurian,No,Sunny,Yes,2025,Qtr 3,August,23,110,55,0.132909091,6.384279476,75.98253275,55,229,5,174,25,14.62
R001,Spice Garden,Chinese,Chennai,Manchurian,No,Sunny,Yes,2025,Qtr 4,October,4,70,26,0.104142857,4.288235294,84.70588235,26,170,5,144,26,7.29
R001,Spice Garden,Chinese,Chennai,Manchurian,Yes,Sunny,Yes,2025,Qtr 4,November,16,96,0,0,0,100,0,144,20,144,28,0
R001,Spice Garden,Chinese,Chennai,Noodles,No,Cloudy,No,2025,Qtr 4,December,18,176,29,0.029886364,2.120967742,88.30645161,29,248,15,219,25,5.26
R001,Spice Garden,Chinese,Chennai,Noodles,No,Cloudy,Yes,2025,Qtr 4,December,27,138,14,0.02057971,1.731707317,91.46341463,14,164,15,150,31,2.84
R001,Spice Garden,Chinese,Chennai,Noodles,No,Rainy,No,2025,Qtr 2,April,24,125,63,0.1436,7.479166667,73.75,63,240,0,177,28,17.95
R001,Spice Garden,Chinese,Chennai,Noodles,No,Rainy,No,2025,Qtr 2,May,7,44,37,0.237045455,13.54545455,51.94805195,37,77,10,40,32,10.43
R001,Spice Garden,Chinese,Chennai,Noodles,No,Rainy,No,2025,Qtr 2,June,9,76,13,0.054868421,3.446280992,89.25619835,13,121,5,108,25,4.17
R001,Spice Garden,Chinese,Chennai,Noodles,No,Rainy,Yes,2025,Qtr 1,March,1,158,44,0.073037975,4.525490196,82.74509804,44,255,20,211,30,11.54
R001,Spice Garden,Chinese,Chennai,Noodles,No,Sunny,No,2025,Qtr 1,January,16,102,81,0.231666667,8.120274914,72.16494845,81,291,10,210,30,23.63
R001,Spice Garden,Chinese,Chennai,Noodles,No,Sunny,No,2025,Qtr 1,February,28,67,19,0.072537313,3.283783784,87.16216216,19,148,20,129,31,4.86
R001,Spice Garden,Chinese,Chennai,Noodles,No,Sunny,No,2025,Qtr 1,March,17,78,62,0.261282051,8.746781116,73.39055794,62,233,0,171,33,20.38
R001,Spice Garden,Chinese,Chennai,Noodles,No,Sunny,No,2025,Qtr 2,May,5,187,36,0.060748663,4.694214876,85.12396694,36,242,15,206,34,11.36
R001,Spice Garden,Chinese,Chennai,Noodles,No,Sunny,No,2025,Qtr 3,July,25,61,33,0.184918033,7.324675325,78.57142857,33,154,20,121,26,11.28
R001,Spice Garden,Chinese,Chennai,Noodles,No,Sunny,No,2025,Qtr 3,July,28,54,37,0.128333333,5.775,69.16666667,37,120,10,83,38,6.93
R001,Spice Garden,Chinese,Chennai,Noodles,No,Sunny,No,2025,Qtr 3,September,17,77,61,0.146493506,5.936842105,67.89473684,61,190,10,129,22,11.28
R001,Spice Garden,Chinese,Chennai,Noodles,No,Sunny,Yes,2025,Qtr 2,April,19,42,22,0.179047619,7.028037383,79.43925234,22,107,5,85,39,7.52
R001,Spice Garden,Chinese,Chennai,Noodles,No,Sunny,Yes,2025,Qtr 3,August,24,89,41,0.15011236,6.886597938,78.86597938,41,194,0,153,29,13.36
R001,Spice Garden,Chinese,Chennai,Noodles,No,Sunny,Yes,2025,Qtr 3,August,30,18,26,0.323333333,10.58181818,52.72727273,26,55,20,29,39,5.82
R001,Spice Garden,Chinese,Chennai,Noodles,No,Sunny,Yes,2025,Qtr 4,October,18,72,34,0.143472222,5.465608466,82.01058201,34,189,25,155,32,10.33
R001,Spice Garden,Chinese,Chennai,Noodles,No,Sunny,Yes,2025,Qtr 4,October,26,25,1,0.0112,0.56,98,1,50,0,49,29,0.28
R001,Spice Garden,Chinese,Chennai,Noodles,Yes,Rainy,No,2025,Qtr 4,November,26,142,45,0.083450704,4.003378378,84.7972973,45,296,15,251,37,11.85
R001,Spice Garden,Chinese,Chennai,Noodles,Yes,Sunny,No,2025,Qtr 1,February,28,132,26,0.040530303,2.057692308,90,26,260,25,234,37,5.35
R001,Spice Garden,Italian,Chennai,Pasta,No,Cloudy,No,2025,Qtr 1,January,28,73,18,0.06739726,5.020408163,81.63265306,18,98,0,80,37,4.92
R001,Spice Garden,Italian,Chennai,Pasta,No,Cloudy,No,2025,Qtr 2,April,28,90,35,0.115,5.048780488,82.92682927,35,205,20,170,29,10.35
R001,Spice Garden,Italian,Chennai,Pasta,No,Cloudy,No,2025,Qtr 2,May,1,101,80,0.256336634,10.11328125,68.75,80,256,25,176,40,25.89
R001,Spice Garden,Italian,Chennai,Pasta,No,Cloudy,No,2025,Qtr 2,May,6,84,91,0.357380952,12.56066946,61.92468619,91,239,0,148,38,30.02
R001,Spice Garden,Italian,Chennai,Pasta,No,Cloudy,No,2025,Qtr 4,December,2,145,27,0.056344828,3.268,89.2,27,250,25,223,40,8.17
R001,Spice Garden,Italian,Chennai,Pasta,No,Cloudy,Yes,2025,Qtr 2,May,4,28,11,0.079642857,3.14084507,84.50704225,11,71,15,60,22,2.23
R001,Spice Garden,Italian,Chennai,Pasta,No,Rainy,No,2025,Qtr 4,November,17,105,80,0.16352381,8.099056604,62.26415094,80,212,5,132,28,17.17
R001,Spice Garden,Italian,Chennai,Pasta,No,Rainy,Yes,2025,Qtr 1,January,4,113,74,0.217787611,8.457044674,74.57044674,74,291,15,217,34,24.61
R001,Spice Garden,Italian,Chennai,Pasta,No,Rainy,Yes,2025,Qtr 1,March,9,250,51,0.05908,5.573584906,80.75471698,51,265,20,214,23,14.77
R001,Spice Garden,Italian,Chennai,Pasta,No,Rainy,Yes,2025,Qtr 4,October,12,74,41,0.114189189,7.222222222,64.95726496,41,117,0,76,40,8.45
R001,Spice Garden,Italian,Chennai,Pasta,No,Rainy,Yes,2025,Qtr 4,October,19,66,23,0.119090909,9.469879518,72.28915663,23,83,10,60,23,7.86
R001,Spice Garden,Italian,Chennai,Pasta,No,Sunny,No,2025,Qtr 1,January,29,103,85,0.266601942,9.56794425,70.38327526,85,287,5,202,34,27.46
R001,Spice Garden,Italian,Chennai,Pasta,No,Sunny,No,2025,Qtr 2,April,23,181,66,0.123812155,9.53617021,71.91489362,66,235,20,169,28,22.41
R001,Spice Garden,Italian,Chennai,Pasta,No,Sunny,No,2025,Qtr 3,August,20,176,23,0.044829545,3.793269231,88.94230769,23,208,15,185,24,7.89
R001,Spice Garden,Italian,Chennai,Pasta,No,Sunny,No,2025,Qtr 4,December,17,156,57,0.121410256,8.85046729,73.36448598,57,214,5,157,36,18.94
R001,Spice Garden,Italian,Chennai,Pasta,No,Sunny,Yes,2025,Qtr 1,February,9,43,17,0.13744186,7.481012658,78.48101266,17,79,10,62,22,5.91
R001,Spice Garden,Italian,Chennai,Pasta,No,Sunny,Yes,2025,Qtr 3,September,6,87,0,0,0,100,0,171,25,171,35,0
R001,Spice Garden,Italian,Chennai,Pasta,No,Sunny,Yes,2025,Qtr 4,October,12,204,43,0.040147059,3.398340249,82.15767635,43,241,5,198,25,8.19
R001,Spice Garden,Italian,Chennai,Pizza,No,Cloudy,No,2025,Qtr 1,February,20,34,1,0.008235294,0.482758621,98.27586207,1,58,20,57,34,0.28
R001,Spice Garden,Italian,Chennai,Pizza,No,Cloudy,No,2025,Qtr 3,August,21,23,41,0.440869565,12.21686747,50.60240964,41,83,20,42,36,10.14
R001,Spice Garden,Italian,Chennai,Pizza,No,Cloudy,No,2025,Qtr 4,November,28,138,72,0.13673913,7.174904943,72.62357414,72,263,10,191,31,18.87
R001,Spice Garden,Italian,Chennai,Pizza,No,Cloudy,Yes,2025,Qtr 3,August,16,35,0,0,0,100,0,72,25,72,32,0
R001,Spice Garden,Italian,Chennai,Pizza,No,Cloudy,Yes,2025,Qtr 3,August,17,50,34,0.1546,5.482269504,75.88652482,34,141,5,107,23,7.73
R001,Spice Garden,Italian,Chennai,Pizza,No,Cloudy,Yes,2025,Qtr 3,September,7,117,54,0.132820513,5.26779661,81.69491525,54,295,15,241,28,15.54
R001,Spice Garden,Italian,Chennai,Pizza,No,Rainy,No,2025,Qtr 1,March,13,102,107,0.310490196,13.47659574,54.46808511,107,235,5,128,30,31.67
R001,Spice Garden,Italian,Chennai,Pizza,No,Rainy,No,2025,Qtr 2,June,24,47,58,0.335744681,9.80124224,63.97515528,58,161,10,103,22,15.78
R001,Spice Garden,Italian,Chennai,Pizza,No,Rainy,No,2025,Qtr 3,August,1,132,37,0.052727273,2.961702128,84.25531915,37,235,15,198,32,6.96
R001,Spice Garden,Italian,Chennai,Pizza,No,Rainy,No,2025,Qtr 4,December,23,147,20,0.031020408,2.235294118,90.19607843,20,204,20,184,34,4.56
R001,Spice Garden,Italian,Chennai,Pizza,No,Rainy,Yes,2025,Qtr 3,August,2,76,28,0.075,5.135135135,74.77477477,28,111,20,83,35,5.7
R001,Spice Garden,Italian,Chennai,Pizza,No,Sunny,No,2025,Qtr 1,January,9,111,75,0.18981982,7.661818182,72.72727273,75,275,0,200,22,21.07
R001,Spice Garden,Italian,Chennai,Pizza,No,Sunny,No,2025,Qtr 1,February,24,78,0,0,0,100,0,86,15,86,27,0
R001,Spice Garden,Italian,Chennai,Pizza,No,Sunny,No,2025,Qtr 2,May,5,82,0,0,0,100,0,104,25,104,24,0
R001,Spice Garden,Italian,Chennai,Pizza,No,Sunny,No,2025,Qtr 2,May,16,207,55,0.073188406,6.419491525,76.69491525,55,236,15,181,34,15.15
R001,Spice Garden,Italian,Chennai,Pizza,No,Sunny,No,2025,Qtr 3,July,16,70,23,0.076,3.224242424,86.06060606,23,165,0,142,34,5.32
R001,Spice Garden,Italian,Chennai,Pizza,No,Sunny,No,2025,Qtr 3,August,8,116,76,0.171982759,7.643678161,70.88122605,76,261,10,185,30,19.95
R001,Spice Garden,Italian,Chennai,Pizza,No,Sunny,No,2025,Qtr 3,August,21,52,46,0.212307692,8.492307692,64.61538462,46,130,10,84,31,11.04
R001,Spice Garden,Italian,Chennai,Pizza,No,Sunny,Yes,2025,Qtr 1,March,8,103,5,0.010776699,0.668674699,96.98795181,5,166,25,161,33,1.11
R001,Spice Garden,Italian,Chennai,Pizza,No,Sunny,Yes,2025,Qtr 3,July,5,133,18,0.030601504,1.615079365,92.85714286,18,252,5,234,37,4.07
R001,Spice Garden,Italian,Chennai,Pizza,No,Sunny,Yes,2025,Qtr 3,September,27,128,24,0.036640625,3.5,82.08955224,24,134,20,110,37,4.69
R001,Spice Garden,Italian,Chennai,Pizza,Yes,Sunny,Yes,2025,Qtr 4,October,5,175,33,0.065542857,3.888135593,88.81355932,33,295,10,262,37,11.47
R001,Spice Garden,North Indian,Chennai,Biryani,No,Cloudy,No,2025,Qtr 1,February,7,24,9,0.072083333,2.836065574,85.24590164,9,61,0,52,24,1.73
R001,Spice Garden,North Indian,Chennai,Biryani,No,Cloudy,No,2025,Qtr 1,March,18,115,21,0.050608696,3.527272727,87.27272727,21,165,15,144,34,5.82
R001,Spice Garden,North Indian,Chennai,Biryani,No,Cloudy,No,2025,Qtr 4,October,22,61,72,0.248852459,7.59,64,72,200,5,128,30,15.18
R001,Spice Garden,North Indian,Chennai,Biryani,No,Cloudy,Yes,2025,Qtr 4,November,8,144,76,0.128819444,6.87037037,71.85185185,76,270,0,194,22,18.55
R001,Spice Garden,North Indian,Chennai,Biryani,No,Rainy,No,2025,Qtr 1,January,20,83,106,0.237710843,6.971731449,62.54416961,106,283,5,177,35,19.73
R001,Spice Garden,North Indian,Chennai,Biryani,No,Rainy,No,2025,Qtr 1,March,27,12,41,0.725,14.26229508,32.78688525,41,61,10,20,25,8.7
R001,Spice Garden,North Indian,Chennai,Biryani,No,Rainy,No,2025,Qtr 4,December,10,107,75,0.148785047,8.248704663,61.13989637,75,193,10,118,28,15.92
R001,Spice Garden,North Indian,Chennai,Biryani,No,Rainy,Yes,2025,Qtr 1,March,2,194,12,0.014536082,1.336492891,94.31279621,12,211,25,199,34,2.82
R001,Spice Garden,North Indian,Chennai,Biryani,No,Rainy,Yes,2025,Qtr 3,August,3,131,43,0.070534351,5.372093023,75,43,172,5,129,34,9.24
R001,Spice Garden,North Indian,Chennai,Biryani,No,Rainy,Yes,2025,Qtr 3,August,24,93,25,0.074408602,5.965517241,78.44827586,25,116,15,91,30,6.92
R001,Spice Garden,North Indian,Chennai,Biryani,No,Sunny,Yes,2025,Qtr 3,August,16,107,8,0.018878505,0.845188285,96.65271967,8,239,25,231,36,2.02
R001,Spice Garden,North Indian,Chennai,Biryani,No,Sunny,Yes,2025,Qtr 3,September,27,176,67,0.109318182,7.152416357,75.0929368,67,269,0,202,30,19.24
R001,Spice Garden,North Indian,Chennai,Naan,No,Cloudy,No,2025,Qtr 1,January,31,87,19,0.065747126,4.766666667,84.16666667,19,120,5,101,26,5.72
R001,Spice Garden,North Indian,Chennai,Naan,No,Cloudy,No,2025,Qtr 1,February,13,273,64,0.054725275,4.98,78.66666667,64,300,15,236,23,14.94
R001,Spice Garden,North Indian,Chennai,Naan,No,Cloudy,No,2025,Qtr 1,March,10,102,20,0.056960784,4.882352941,83.19327731,20,119,5,99,23,5.81
R001,Spice Garden,North Indian,Chennai,Naan,No,Cloudy,No,2025,Qtr 4,November,6,109,55,0.133027523,6.502242152,75.33632287,55,223,0,168,31,14.5
R001,Spice Garden,North Indian,Chennai,Naan,No,Cloudy,No,2025,Qtr 4,December,25,54,17,0.098333333,4.617391304,85.2173913,17,115,25,98,27,5.31
R001,Spice Garden,North Indian,Chennai,Naan,No,Rainy,No,2025,Qtr 2,April,25,114,89,0.218245614,10.36666667,62.91666667,89,240,10,151,35,24.88
R001,Spice Garden,North Indian,Chennai,Naan,No,Rainy,No,2025,Qtr 2,May,9,65,44,0.22,9.59731544,70.46979866,44,149,5,105,24,14.3
R001,Spice Garden,North Indian,Chennai,Naan,No,Rainy,No,2025,Qtr 2,May,13,87,34,0.080344828,5.102189781,75.18248175,34,137,20,103,23,6.99
R001,Spice Garden,North Indian,Chennai,Naan,No,Rainy,No,2025,Qtr 3,July,18,42,0,0,0,100,0,52,10,52,34,0
R001,Spice Garden,North Indian,Chennai,Naan,No,Rainy,Yes,2025,Qtr 4,November,29,52,11,0.055192308,3.298850575,87.35632184,11,87,20,76,35,2.87
R001,Spice Garden,North Indian,Chennai,Naan,No,Sunny,No,2025,Qtr 2,June,10,69,18,0.087246377,4.3,87.14285714,18,140,25,122,40,6.02
R001,Spice Garden,North Indian,Chennai,Naan,No,Sunny,No,2025,Qtr 2,June,27,69,54,0.257101449,9.69398907,70.49180328,54,183,5,129,30,17.74
R001,Spice Garden,North Indian,Chennai,Naan,No,Sunny,No,2025,Qtr 3,July,14,125,36,0.05728,4.53164557,77.21518987,36,158,10,122,29,7.16
R001,Spice Garden,North Indian,Chennai,Naan,No,Sunny,No,2025,Qtr 3,July,24,76,34,0.116578947,5.18128655,80.11695906,34,171,25,137,39,8.86
R001,Spice Garden,North Indian,Chennai,Naan,No,Sunny,No,2025,Qtr 3,July,30,114,88,0.160614035,7.473469388,64.08163265,88,245,0,157,33,18.31
R001,Spice Garden,North Indian,Chennai,Naan,No,Sunny,No,2025,Qtr 4,November,25,22,30,0.287727273,9.308823529,55.88235294,30,68,20,38,38,6.33
R001,Spice Garden,North Indian,Chennai,Naan,No,Sunny,No,2025,Qtr 4,December,1,180,72,0.076,4.733564014,75.08650519,72,289,5,217,37,13.68
R001,Spice Garden,North Indian,Chennai,Naan,No,Sunny,Yes,2025,Qtr 1,February,2,24,29,0.225833333,6.775,63.75,29,80,10,51,35,5.42
R001,Spice Garden,North Indian,Chennai,Naan,No,Sunny,Yes,2025,Qtr 2,June,1,103,48,0.133009709,5.28957529,81.46718147,48,259,25,211,33,13.7
R001,Spice Garden,North Indian,Chennai,Naan,No,Sunny,Yes,2025,Qtr 3,July,19,146,0,0,0,100,0,224,25,224,32,0
R001,Spice Garden,North Indian,Chennai,Paneer Butter Masala,No,Cloudy,No,2025,Qtr 2,May,26,70,18,0.054,4.021276596,80.85106383,18,94,10,76,30,3.78
R001,Spice Garden,North Indian,Chennai,Paneer Butter Masala,No,Cloudy,No,2025,Qtr 2,June,20,194,53,0.052731959,3.653571429,81.07142857,53,280,15,227,22,10.23
R001,Spice Garden,North Indian,Chennai,Paneer Butter Masala,No,Cloudy,No,2025,Qtr 3,July,23,26,26,0.269230769,9.210526316,65.78947368,26,76,0,50,37,7
R001,Spice Garden,North Indian,Chennai,Paneer Butter Masala,No,Cloudy,Yes,2025,Qtr 3,July,6,272,34,0.040294118,3.665551839,88.62876254,34,299,15,265,28,10.96
R001,Spice Garden,North Indian,Chennai,Paneer Butter Masala,No,Rainy,No,2025,Qtr 3,September,10,39,19,0.126153846,4.685714286,81.9047619,19,105,15,86,31,4.92
R001,Spice Garden,North Indian,Chennai,Paneer Butter Masala,No,Rainy,Yes,2025,Qtr 3,August,3,67,93,0.419104478,14.77894737,51.05263158,93,190,10,97,39,28.08
R001,Spice Garden,North Indian,Chennai,Paneer Butter Masala,No,Sunny,No,2025,Qtr 1,January,17,147,52,0.096122449,5.233333333,80.74074074,52,270,25,218,38,14.13
R001,Spice Garden,North Indian,Chennai,Paneer Butter Masala,No,Sunny,No,2025,Qtr 3,July,10,45,42,0.190444444,6.6953125,67.1875,42,128,0,86,31,8.57
R001,Spice Garden,North Indian,Chennai,Paneer Butter Masala,No,Sunny,No,2025,Qtr 3,August,11,73,19,0.052876712,4.886075949,75.94936709,19,79,25,60,23,3.86
R001,Spice Garden,North Indian,Chennai,Paneer Butter Masala,No,Sunny,No,2025,Qtr 3,August,15,28,7,0.062142857,2.71875,89.0625,7,64,25,57,35,1.74
R001,Spice Garden,North Indian,Chennai,Paneer Butter Masala,No,Sunny,No,2025,Qtr 3,August,22,31,14,0.13,6.5,77.41935484,14,62,15,48,28,4.03
R001,Spice Garden,North Indian,Chennai,Paneer Butter Masala,No,Sunny,No,2025,Qtr 3,September,2,57,50,0.197719298,8.537878788,62.12121212,50,132,5,82,22,11.27
R001,Spice Garden,North Indian,Chennai,Paneer Butter Masala,No,Sunny,No,2025,Qtr 4,November,12,229,41,0.043624454,4.094262295,83.19672131,41,244,15,203,31,9.99
R001,Spice Garden,North Indian,Chennai,Paneer Butter Masala,No,Sunny,No,2025,Qtr 4,December,12,172,36,0.071918605,6.476439791,81.15183246,36,191,5,155,37,12.37
R001,Spice Garden,North Indian,Chennai,Paneer Butter Masala,No,Sunny,Yes,2025,Qtr 2,June,15,178,35,0.065561798,4.322222222,87.03703704,35,270,0,235,35,11.67
R001,Spice Garden,North Indian,Chennai,Paneer Butter Masala,No,Sunny,Yes,2025,Qtr 4,November,1,36,6,0.041944444,2.253731343,91.04477612,6,67,20,61,29,1.51
R001,Spice Garden,North Indian,Chennai,Paneer Butter Masala,Yes,Cloudy,No,2025,Qtr 1,March,26,86,14,0.048023256,2.096446701,92.89340102,14,197,15,183,31,4.13
R001,Spice Garden,North Indian,Chennai,Paneer Butter Masala,Yes,Sunny,No,2025,Qtr 1,January,28,274,21,0.016751825,1.64516129,92.47311828,21,279,20,258,30,4.59
R001,Spice Garden,North Indian,Chennai,Paneer Butter Masala,Yes,Sunny,Yes,2025,Qtr 1,March,30,161,9,0.016770186,1.413612565,95.28795812,9,191,25,182,22,2.7
R001,Spice Garden,South Indian,Chennai,Dosa,No,Cloudy,No,2025,Qtr 3,July,17,198,33,0.050858586,4.076923077,86.63967611,33,247,0,214,29,10.07
R001,Spice Garden,South Indian,Chennai,Dosa,No,Cloudy,No,2025,Qtr 3,July,23,87,23,0.051609195,2.565714286,86.85714286,23,175,15,152,27,4.49
R001,Spice Garden,South Indian,Chennai,Dosa,No,Cloudy,No,2025,Qtr 3,July,31,94,50,0.118297872,4.614107884,79.25311203,50,241,0,191,39,11.12
R001,Spice Garden,South Indian,Chennai,Dosa,No,Cloudy,No,2025,Qtr 3,September,15,193,62,0.075025907,5.134751773,78.0141844,62,282,25,220,37,14.48
R001,Spice Garden,South Indian,Chennai,Dosa,No,Rainy,No,2025,Qtr 2,May,8,106,35,0.112169811,6.532967033,80.76923077,35,182,25,147,26,11.89
R001,Spice Garden,South Indian,Chennai,Dosa,No,Rainy,No,2025,Qtr 3,July,10,115,56,0.16173913,10.62857143,68,56,175,15,119,27,18.6
R001,Spice Garden,South Indian,Chennai,Dosa,No,Rainy,Yes,2025,Qtr 1,January,19,52,36,0.210384615,11.16326531,63.26530612,36,98,20,62,28,10.94
R001,Spice Garden,South Indian,Chennai,Dosa,No,Sunny,No,2025,Qtr 1,January,9,224,61,0.074508929,6.003597122,78.05755396,61,278,25,217,30,16.69
R001,Spice Garden,South Indian,Chennai,Dosa,No,Sunny,No,2025,Qtr 1,January,24,52,74,0.357692308,10.94117647,56.47058824,74,170,0,96,26,18.6
R001,Spice Garden,South Indian,Chennai,Dosa,No,Sunny,No,2025,Qtr 1,March,20,129,29,0.048139535,2.59832636,87.86610879,29,239,15,210,37,6.21
R001,Spice Garden,South Indian,Chennai,Dosa,No,Sunny,No,2025,Qtr 2,May,22,43,12,0.08,4.41025641,84.61538462,12,78,5,66,37,3.44
R001,Spice Garden,South Indian,Chennai,Dosa,No,Sunny,No,2025,Qtr 3,July,7,64,33,0.14890625,7.165413534,75.18796992,33,133,15,100,25,9.53
R001,Spice Garden,South Indian,Chennai,Dosa,No,Sunny,No,2025,Qtr 3,September,22,31,33,0.219677419,7.918604651,61.62790698,33,86,25,53,37,6.81
R001,Spice Garden,South Indian,Chennai,Dosa,No,Sunny,Yes,2025,Qtr 3,July,12,77,31,0.132987013,6.522292994,80.25477707,31,157,25,126,27,10.24
R001,Spice Garden,South Indian,Chennai,Dosa,No,Sunny,Yes,2025,Qtr 3,August,3,111,30,0.049369369,2.572769953,85.91549296,30,213,15,183,36,5.48
R001,Spice Garden,South Indian,Chennai,Dosa,No,Sunny,Yes,2025,Qtr 4,October,5,127,6,0.011023622,1.007194245,95.68345324,6,139,25,133,30,1.4
R001,Spice Garden,South Indian,Chennai,Dosa,Yes,Sunny,No,2025,Qtr 3,September,8,191,29,0.031780105,2.797235023,86.6359447,29,217,25,188,23,6.07
R001,Spice Garden,South Indian,Chennai,Idli,No,Cloudy,No,2025,Qtr 3,July,1,135,26,0.044148148,2.034129693,91.12627986,26,293,25,267,35,5.96
R001,Spice Garden,South Indian,Chennai,Idli,No,Cloudy,No,2025,Qtr 4,November,12,172,43,0.069709302,4.163194444,85.06944444,43,288,20,245,37,11.99
R001,Spice Garden,South Indian,Chennai,Idli,No,Cloudy,No,2025,Qtr 4,December,23,122,35,0.075327869,5.891025641,77.56410256,35,156,5,121,31,9.19
R001,Spice Garden,South Indian,Chennai,Idli,No,Rainy,No,2025,Qtr 1,March,6,67,30,0.143731343,10.82022472,66.29213483,30,89,5,59,22,9.63
R001,Spice Garden,South Indian,Chennai,Idli,No,Rainy,Yes,2025,Qtr 2,May,17,194,60,0.08314433,6.665289256,75.20661157,60,242,0,182,40,16.13
R001,Spice Garden,South Indian,Chennai,Idli,No,Rainy,Yes,2025,Qtr 3,August,10,83,0,0,0,100,0,74,20,74,33,0
R001,Spice Garden,South Indian,Chennai,Idli,No,Sunny,No,2025,Qtr 1,March,6,105,34,0.091619048,5.938271605,79.01234568,34,162,20,128,23,9.62
R001,Spice Garden,South Indian,Chennai,Idli,No,Sunny,No,2025,Qtr 2,June,23,50,36,0.2104,8.092307692,72.30769231,36,130,15,94,27,10.52
R001,Spice Garden,South Indian,Chennai,Idli,No,Sunny,No,2025,Qtr 3,July,31,61,4,0.018688525,1.341176471,95.29411765,4,85,5,81,29,1.14
R001,Spice Garden,South Indian,Chennai,Idli,No,Sunny,No,2025,Qtr 3,August,12,15,24,0.538666667,15.53846154,53.84615385,24,52,20,28,40,8.08
R001,Spice Garden,South Indian,Chennai,Idli,No,Sunny,No,2025,Qtr 3,September,2,250,59,0.07584,7.181818182,77.65151515,59,264,10,205,27,18.96
R001,Spice Garden,South Indian,Chennai,Idli,No,Sunny,No,2025,Qtr 3,September,12,125,39,0.10552,7.368715084,78.2122905,39,179,10,140,33,13.19
R001,Spice Garden,South Indian,Chennai,Idli,No,Sunny,No,2025,Qtr 3,September,17,55,9,0.043818182,1.912698413,92.85714286,9,126,25,117,39,2.41
R001,Spice Garden,South Indian,Chennai,Idli,Yes,Rainy,No,2025,Qtr 2,May,15,43,39,0.260232558,10.65714286,62.85714286,39,105,15,66,23,11.19
R001,Spice Garden,South Indian,Chennai,Meals,No,Cloudy,No,2025,Qtr 3,July,14,91,17,0.058571429,3.650684932,88.35616438,17,146,25,129,23,5.33
R001,Spice Garden,South Indian,Chennai,Meals,No,Cloudy,No,2025,Qtr 3,July,25,186,43,0.072043011,6.473429952,79.22705314,43,207,20,164,31,13.4
R001,Spice Garden,South Indian,Chennai,Meals,No,Cloudy,No,2025,Qtr 4,November,24,147,49,0.111836735,5.788732394,82.74647887,49,284,25,235,27,16.44
R001,Spice Garden,South Indian,Chennai,Meals,No,Rainy,No,2025,Qtr 2,April,2,65,6,0.017230769,1.230769231,93.40659341,6,91,5,85,40,1.12
R001,Spice Garden,South Indian,Chennai,Meals,No,Rainy,No,2025,Qtr 4,December,11,21,52,0.799047619,20.71604938,35.80246914,52,81,10,29,34,16.78
R001,Spice Garden,South Indian,Chennai,Meals,No,Rainy,Yes,2025,Qtr 3,July,6,104,33,0.063942308,3.674033149,81.7679558,33,181,5,148,27,6.65
R001,Spice Garden,South Indian,Chennai,Meals,No,Sunny,No,2025,Qtr 1,March,27,119,82,0.167983193,8.806167401,63.87665198,82,227,0,145,22,19.99
R001,Spice Garden,South Indian,Chennai,Meals,No,Sunny,No,2025,Qtr 2,June,23,156,31,0.05,3.070866142,87.79527559,31,254,20,223,29,7.8
R001,Spice Garden,South Indian,Chennai,Meals,No,Sunny,No,2025,Qtr 3,July,9,121,72,0.126446281,5.294117647,75.08650519,72,289,0,217,22,15.3
R001,Spice Garden,South Indian,Chennai,Meals,No,Sunny,No,2025,Qtr 4,November,11,210,48,0.042428571,3.62195122,80.48780488,48,246,0,198,22,8.91
R001,Spice Garden,South Indian,Chennai,Meals,No,Sunny,Yes,2025,Qtr 4,December,13,156,26,0.047115385,3.325791855,88.23529412,26,221,15,195,38,7.35
R001,Spice Garden,South Indian,Chennai,Pongal,No,Cloudy,No,2025,Qtr 1,February,28,118,45,0.084322034,4.307359307,80.51948052,45,231,15,186,32,9.95
R001,Spice Garden,South Indian,Chennai,Pongal,No,Cloudy,No,2025,Qtr 2,May,6,121,5,0.009008264,1.018691589,95.3271028,5,107,20,102,25,1.09
R001,Spice Garden,South Indian,Chennai,Pongal,No,Cloudy,No,2025,Qtr 2,May,26,56,54,0.295,16.03883495,47.57281553,54,103,15,49,32,16.52
R001,Spice Garden,South Indian,Chennai,Pongal,No,Cloudy,No,2025,Qtr 3,August,8,56,33,0.111607143,5.25210084,72.26890756,33,119,20,86,30,6.25
R001,Spice Garden,South Indian,Chennai,Pongal,No,Cloudy,No,2025,Qtr 3,August,26,139,56,0.136690647,8.558558559,74.77477477,56,222,5,166,35,19
R001,Spice Garden,South Indian,Chennai,Pongal,No,Cloudy,Yes,2025,Qtr 1,March,15,38,34,0.285263158,9.186440678,71.18644068,34,118,0,84,34,10.84
R001,Spice Garden,South Indian,Chennai,Pongal,No,Rainy,No,2025,Qtr 2,May,14,79,30,0.108227848,6.063829787,78.72340426,30,141,20,111,27,8.55
R001,Spice Garden,South Indian,Chennai,Pongal,No,Sunny,No,2025,Qtr 2,June,12,27,25,0.287777778,9.361445783,69.87951807,25,83,20,58,40,7.77
R001,Spice Garden,South Indian,Chennai,Pongal,No,Sunny,No,2025,Qtr 4,November,13,66,24,0.098030303,7.269662921,73.03370787,24,89,5,65,34,6.47
R001,Spice Garden,South Indian,Chennai,Pongal,No,Sunny,Yes,2025,Qtr 1,February,22,163,15,0.026809816,2.427777778,91.66666667,15,180,5,165,35,4.37
R001,Spice Garden,South Indian,Chennai,Pongal,No,Sunny,Yes,2025,Qtr 4,October,5,78,0,0,0,100,0,155,0,155,40,0
R001,Spice Garden,South Indian,Chennai,Pongal,No,Sunny,Yes,2025,Qtr 4,November,1,200,3,0.00295,0.285024155,98.55072464,3,207,25,204,22,0.59
R001,Spice Garden,South Indian,Chennai,Pongal,No,Sunny,Yes,2025,Qtr 4,November,9,109,26,0.058348624,4.297297297,82.43243243,26,148,0,122,34,6.36
R001,Spice Garden,South Indian,Chennai,Pongal,Yes,Sunny,No,2025,Qtr 1,January,23,44,0,0,0,100,0,78,10,78,31,0
R002,Urban Bites,Chinese,Bengaluru,Fried Rice,No,Cloudy,No,2025,Qtr 1,February,6,44,0,0,0,100,0,65,20,65,31,0
R002,Urban Bites,Chinese,Bengaluru,Fried Rice,No,Cloudy,No,2025,Qtr 4,October,24,29,29,0.297241379,15.39285714,48.21428571,29,56,15,27,40,8.62
R002,Urban Bites,Chinese,Bengaluru,Fried Rice,No,Cloudy,No,2025,Qtr 4,December,24,117,30,0.065213675,4.624242424,81.81818182,30,165,5,135,40,7.63
R002,Urban Bites,Chinese,Bengaluru,Fried Rice,No,Cloudy,Yes,2025,Qtr 2,May,3,77,24,0.087662338,5.2734375,81.25,24,128,20,104,33,6.75
R002,Urban Bites,Chinese,Bengaluru,Fried Rice,No,Cloudy,Yes,2025,Qtr 3,July,5,56,6,0.035357143,1.816513761,94.49541284,6,109,15,103,25,1.98
R002,Urban Bites,Chinese,Bengaluru,Fried Rice,No,Rainy,No,2025,Qtr 1,February,13,86,7,0.024302326,2.679487179,91.02564103,7,78,5,71,29,2.09
R002,Urban Bites,Chinese,Bengaluru,Fried Rice,No,Rainy,No,2025,Qtr 1,March,10,61,45,0.251803279,10.17218543,70.1986755,45,151,5,106,32,15.36
R002,Urban Bites,Chinese,Bengaluru,Fried Rice,No,Rainy,No,2025,Qtr 1,March,24,103,75,0.233009709,8.450704225,73.5915493,75,284,25,209,32,24
R002,Urban Bites,Chinese,Bengaluru,Fried Rice,No,Rainy,No,2025,Qtr 2,June,3,37,52,0.255945946,7.762295082,57.37704918,52,122,20,70,34,9.47
R002,Urban Bites,Chinese,Bengaluru,Fried Rice,No,Rainy,No,2025,Qtr 4,December,26,48,15,0.099791667,6.220779221,80.51948052,15,77,5,62,23,4.79
R002,Urban Bites,Chinese,Bengaluru,Fried Rice,No,Sunny,No,2025,Qtr 1,January,17,142,21,0.030915493,1.933920705,90.74889868,21,227,15,206,30,4.39
R002,Urban Bites,Chinese,Bengaluru,Fried Rice,No,Sunny,No,2025,Qtr 1,January,28,35,65,0.576285714,16.94957983,45.37815126,65,119,10,54,33,20.17
R002,Urban Bites,Chinese,Bengaluru,Fried Rice,No,Sunny,No,2025,Qtr 1,February,26,88,75,0.155681818,6.255707763,65.75342466,75,219,5,144,26,13.7
R002,Urban Bites,Chinese,Bengaluru,Fried Rice,No,Sunny,No,2025,Qtr 1,March,12,115,32,0.058434783,2.742857143,86.93877551,32,245,15,213,32,6.72
R002,Urban Bites,Chinese,Bengaluru,Fried Rice,No,Sunny,No,2025,Qtr 3,August,13,82,51,0.132926829,5,76.60550459,51,218,25,167,27,10.9
R002,Urban Bites,Chinese,Bengaluru,Fried Rice,No,Sunny,No,2025,Qtr 4,October,2,101,74,0.197227723,6.798634812,74.7440273,74,293,25,219,27,19.92
R002,Urban Bites,Chinese,Bengaluru,Fried Rice,No,Sunny,No,2025,Qtr 4,October,27,60,49,0.152666667,6.189189189,66.89189189,49,148,25,99,25,9.16
R002,Urban Bites,Chinese,Bengaluru,Fried Rice,No,Sunny,No,2025,Qtr 4,December,18,99,29,0.095555556,6.905109489,78.83211679,29,137,15,108,40,9.46
R002,Urban Bites,Chinese,Bengaluru,Fried Rice,No,Sunny,Yes,2025,Qtr 1,March,30,85,44,0.132705882,5.529411765,78.43137255,44,204,25,160,24,11.28
R002,Urban Bites,Chinese,Bengaluru,Fried Rice,No,Sunny,Yes,2025,Qtr 2,June,14,108,50,0.110462963,4.909465021,79.42386831,50,243,0,193,28,11.93
R002,Urban Bites,Chinese,Bengaluru,Fried Rice,Yes,Rainy,Yes,2025,Qtr 2,April,13,79,2,0.008734177,0.945205479,97.26027397,2,73,10,71,22,0.69
R002,Urban Bites,Chinese,Bengaluru,Manchurian,No,Cloudy,No,2025,Qtr 4,November,28,137,8,0.010948905,1.034482759,94.48275862,8,145,20,137,22,1.5
R002,Urban Bites,Chinese,Bengaluru,Manchurian,No,Cloudy,Yes,2025,Qtr 1,March,1,105,28,0.072190476,3.106557377,88.52459016,28,244,25,216,37,7.58
R002,Urban Bites,Chinese,Bengaluru,Manchurian,No,Rainy,No,2025,Qtr 4,December,24,54,18,0.065185185,3.320754717,83.01886792,18,106,20,88,34,3.52
R002,Urban Bites,Chinese,Bengaluru,Manchurian,No,Rainy,Yes,2025,Qtr 3,September,21,256,35,0.024765625,2.429118774,86.59003831,35,261,15,226,36,6.34
R002,Urban Bites,Chinese,Bengaluru,Manchurian,No,Sunny,No,2025,Qtr 2,April,25,88,7,0.021818182,2.37037037,91.35802469,7,81,15,74,26,1.92
R002,Urban Bites,Chinese,Bengaluru,Manchurian,No,Sunny,No,2025,Qtr 2,June,5,155,30,0.040774194,2.20979021,89.51048951,30,286,15,256,37,6.32
R002,Urban Bites,Chinese,Bengaluru,Manchurian,No,Sunny,No,2025,Qtr 3,July,29,53,31,0.153018868,6.488,75.2,31,125,5,94,39,8.11
R002,Urban Bites,Chinese,Bengaluru,Manchurian,No,Sunny,Yes,2025,Qtr 3,July,19,287,35,0.022473868,2.311827957,87.45519713,35,279,25,244,33,6.45
R002,Urban Bites,Chinese,Bengaluru,Manchurian,Yes,Sunny,No,2025,Qtr 3,July,29,173,40,0.051560694,4.928176796,77.90055249,40,181,5,141,22,8.92
R002,Urban Bites,Chinese,Bengaluru,Noodles,No,Cloudy,No,2025,Qtr 1,February,4,24,52,0.647916667,21.59722222,27.77777778,52,72,10,20,34,15.55
R002,Urban Bites,Chinese,Bengaluru,Noodles,No,Cloudy,No,2025,Qtr 1,February,5,209,36,0.040047847,2.866438356,87.67123288,36,292,25,256,32,8.37
R002,Urban Bites,Chinese,Bengaluru,Noodles,No,Cloudy,No,2025,Qtr 2,May,13,194,53,0.079587629,5.676470588,80.51470588,53,272,5,219,29,15.44
R002,Urban Bites,Chinese,Bengaluru,Noodles,No,Cloudy,No,2025,Qtr 2,May,26,173,56,0.086705202,6.818181818,74.54545455,56,220,25,164,40,15
R002,Urban Bites,Chinese,Bengaluru,Noodles,No,Cloudy,No,2025,Qtr 3,July,16,152,92,0.187434211,9.72354949,68.60068259,92,293,10,201,26,28.49
R002,Urban Bites,Chinese,Bengaluru,Noodles,No,Cloudy,No,2025,Qtr 3,August,19,72,18,0.060555556,3.253731343,86.56716418,18,134,5,116,31,4.36
R002,Urban Bites,Chinese,Bengaluru,Noodles,No,Cloudy,No,2025,Qtr 3,September,3,57,0,0,0,100,0,89,25,89,39,0
R002,Urban Bites,Chinese,Bengaluru,Noodles,No,Cloudy,No,2025,Qtr 4,November,24,143,65,0.11986014,6.517110266,75.2851711,65,263,10,198,25,17.14
R002,Urban Bites,Chinese,Bengaluru,Noodles,No,Cloudy,Yes,2025,Qtr 1,March,22,95,15,0.046315789,2.716049383,90.74074074,15,162,25,147,31,4.4
R002,Urban Bites,Chinese,Bengaluru,Noodles,No,Sunny,No,2025,Qtr 1,February,20,58,5,0.017413793,1.16091954,94.25287356,5,87,0,82,35,1.01
R002,Urban Bites,Chinese,Bengaluru,Noodles,No,Sunny,No,2025,Qtr 2,June,25,148,27,0.055202703,4.921686747,83.73493976,27,166,15,139,38,8.17
R002,Urban Bites,Chinese,Bengaluru,Noodles,No,Sunny,No,2025,Qtr 3,July,14,11,38,1.023636364,20.10714286,32.14285714,38,56,0,18,29,11.26
R002,Urban Bites,Chinese,Bengaluru,Noodles,No,Sunny,No,2025,Qtr 3,July,18,75,37,0.140666667,6.393939394,77.57575758,37,165,15,128,35,10.55
R002,Urban Bites,Chinese,Bengaluru,Noodles,No,Sunny,No,2025,Qtr 3,July,30,260,17,0.014,1.323636364,93.81818182,17,275,15,258,23,3.64
R002,Urban Bites,Chinese,Bengaluru,Noodles,No,Sunny,No,2025,Qtr 3,September,15,151,59,0.099271523,5.832684825,77.04280156,59,257,10,198,32,14.99
R002,Urban Bites,Chinese,Bengaluru,Noodles,No,Sunny,No,2025,Qtr 4,October,28,103,24,0.075436893,3.66509434,88.67924528,24,212,15,188,24,7.77
R002,Urban Bites,Chinese,Bengaluru,Noodles,No,Sunny,No,2025,Qtr 4,December,15,157,26,0.047643312,4.479041916,84.43113772,26,167,10,141,22,7.48
R002,Urban Bites,Chinese,Bengaluru,Noodles,No,Sunny,Yes,2025,Qtr 1,January,26,136,55,0.103308824,7.849162011,69.27374302,55,179,5,124,34,14.05
R002,Urban Bites,Chinese,Bengaluru,Noodles,No,Sunny,Yes,2025,Qtr 1,February,9,163,14,0.017668712,1.24137931,93.96551724,14,232,20,218,30,2.88
R002,Urban Bites,Chinese,Bengaluru,Noodles,No,Sunny,Yes,2025,Qtr 1,February,22,88,18,0.051590909,2.281407035,90.95477387,18,199,5,181,40,4.54
R002,Urban Bites,Chinese,Bengaluru,Noodles,Yes,Rainy,No,2025,Qtr 3,August,29,78,36,0.129871795,5.446236559,80.64516129,36,186,15,150,37,10.13
R002,Urban Bites,Italian,Bengaluru,Pasta,No,Cloudy,No,2025,Qtr 1,January,22,33,0,0,0,100,0,50,5,50,31,0
R002,Urban Bites,Italian,Bengaluru,Pasta,No,Cloudy,No,2025,Qtr 1,January,23,100,45,0.0934,3.796747967,81.70731707,45,246,25,201,32,9.34
R002,Urban Bites,Italian,Bengaluru,Pasta,No,Cloudy,No,2025,Qtr 1,March,10,125,40,0.07392,3.323741007,85.61151079,40,278,10,238,38,9.24
R002,Urban Bites,Italian,Bengaluru,Pasta,No,Cloudy,No,2025,Qtr 2,April,16,79,78,0.29164557,9.6,67.5,78,240,10,162,34,23.04
R002,Urban Bites,Italian,Bengaluru,Pasta,No,Cloudy,No,2025,Qtr 3,July,7,188,71,0.090212766,6.81124498,71.48594378,71,249,10,178,29,16.96
R002,Urban Bites,Italian,Bengaluru,Pasta,No,Cloudy,Yes,2025,Qtr 1,February,1,90,36,0.103222222,4.039130435,84.34782609,36,230,25,194,28,9.29
R002,Urban Bites,Italian,Bengaluru,Pasta,No,Cloudy,Yes,2025,Qtr 3,August,17,50,0,0,0,100,0,60,15,60,33,0
R002,Urban Bites,Italian,Bengaluru,Pasta,No,Cloudy,Yes,2025,Qtr 3,September,21,246,23,0.019837398,2.168888889,89.77777778,23,225,15,202,39,4.88
R002,Urban Bites,Italian,Bengaluru,Pasta,No,Cloudy,Yes,2025,Qtr 4,October,19,28,12,0.118571429,5.35483871,80.64516129,12,62,20,50,23,3.32
R002,Urban Bites,Italian,Bengaluru,Pasta,No,Cloudy,Yes,2025,Qtr 4,December,14,70,13,0.058428571,2.690789474,91.44736842,13,152,10,139,40,4.09
R002,Urban Bites,Italian,Bengaluru,Pasta,No,Cloudy,Yes,2025,Qtr 4,December,21,176,6,0.010340909,0.928571429,96.93877551,6,196,20,190,22,1.82
R002,Urban Bites,Italian,Bengaluru,Pasta,No,Rainy,No,2025,Qtr 1,January,22,51,79,0.283137255,7.560209424,58.63874346,79,191,10,112,23,14.44
R002,Urban Bites,Italian,Bengaluru,Pasta,No,Rainy,No,2025,Qtr 1,March,10,57,29,0.148596491,6.565891473,77.51937984,29,129,20,100,37,8.47
R002,Urban Bites,Italian,Bengaluru,Pasta,No,Rainy,No,2025,Qtr 1,March,21,12,25,0.718333333,16.90196078,50.98039216,25,51,10,26,39,8.62
R002,Urban Bites,Italian,Bengaluru,Pasta,No,Rainy,No,2025,Qtr 2,June,11,78,47,0.170769231,7.010526316,75.26315789,47,190,15,143,32,13.32
R002,Urban Bites,Italian,Bengaluru,Pasta,No,Rainy,No,2025,Qtr 3,August,13,44,17,0.125681818,5.073394495,84.40366972,17,109,10,92,40,5.53
R002,Urban Bites,Italian,Bengaluru,Pasta,No,Rainy,No,2025,Qtr 4,October,9,23,37,0.354782609,9.6,56.47058824,37,85,10,48,25,8.16
R002,Urban Bites,Italian,Bengaluru,Pasta,No,Rainy,Yes,2025,Qtr 1,March,30,56,22,0.110178571,6.494736842,76.84210526,22,95,25,73,32,6.17
R002,Urban Bites,Italian,Bengaluru,Pasta,No,Sunny,No,2025,Qtr 1,January,6,44,22,0.142272727,6.198019802,78.21782178,22,101,0,79,38,6.26
R002,Urban Bites,Italian,Bengaluru,Pasta,No,Sunny,No,2025,Qtr 1,January,17,173,73,0.11699422,8.398340249,69.70954357,73,241,0,168,39,20.24
R002,Urban Bites,Italian,Bengaluru,Pasta,No,Sunny,No,2025,Qtr 1,January,24,57,34,0.133157895,5.622222222,74.81481481,34,135,5,101,28,7.59
R002,Urban Bites,Italian,Bengaluru,Pasta,No,Sunny,No,2025,Qtr 1,February,27,125,57,0.1416,6.389891697,79.42238267,57,277,25,220,23,17.7
R002,Urban Bites,Italian,Bengaluru,Pasta,No,Sunny,No,2025,Qtr 1,March,3,52,38,0.188461538,8.990825688,65.13761468,38,109,0,71,33,9.8
R002,Urban Bites,Italian,Bengaluru,Pasta,No,Sunny,No,2025,Qtr 1,March,14,136,70,0.137794118,9.51269036,64.46700508,70,197,0,127,35,18.74
R002,Urban Bites,Italian,Bengaluru,Pasta,No,Sunny,No,2025,Qtr 2,May,23,54,0,0,0,100,0,89,15,89,32,0
R002,Urban Bites,Italian,Bengaluru,Pasta,No,Sunny,No,2025,Qtr 2,May,23,23,15,0.216086957,9.377358491,71.69811321,15,53,15,38,29,4.97
R002,Urban Bites,Italian,Bengaluru,Pasta,No,Sunny,No,2025,Qtr 2,May,27,146,67,0.084794521,5.758139535,68.8372093,67,215,0,148,29,12.38
R002,Urban Bites,Italian,Bengaluru,Pasta,No,Sunny,No,2025,Qtr 3,August,26,82,16,0.058536585,4.102564103,86.32478632,16,117,25,101,24,4.8
R002,Urban Bites,Italian,Bengaluru,Pasta,No,Sunny,No,2025,Qtr 4,October,10,100,60,0.1321,5.1003861,76.83397683,60,259,15,199,33,13.21
R002,Urban Bites,Italian,Bengaluru,Pasta,No,Sunny,No,2025,Qtr 4,October,22,70,30,0.077714286,4.352,76,30,125,25,95,31,5.44
R002,Urban Bites,Italian,Bengaluru,Pasta,No,Sunny,No,2025,Qtr 4,December,8,113,36,0.078761062,5.426829268,78.04878049,36,164,20,128,32,8.9
R002,Urban Bites,Italian,Bengaluru,Pasta,No,Sunny,Yes,2025,Qtr 1,February,2,39,0,0,0,100,0,65,25,65,25,0
R002,Urban Bites,Italian,Bengaluru,Pasta,No,Sunny,Yes,2025,Qtr 3,August,23,146,61,0.079657534,3.889632107,79.59866221,61,299,5,238,40,11.63
R002,Urban Bites,Italian,Bengaluru,Pasta,No,Sunny,Yes,2025,Qtr 4,December,27,73,2,0.006438356,0.382113821,98.37398374,2,123,15,121,23,0.47
R002,Urban Bites,Italian,Bengaluru,Pizza,No,Cloudy,No,2025,Qtr 1,March,5,74,24,0.077567568,6.106382979,74.46808511,24,94,15,70,31,5.74
R002,Urban Bites,Italian,Bengaluru,Pizza,No,Cloudy,No,2025,Qtr 2,May,28,113,51,0.130176991,5.12543554,82.22996516,51,287,20,236,34,14.71
R002,Urban Bites,Italian,Bengaluru,Pizza,No,Cloudy,No,2025,Qtr 3,July,9,117,25,0.074700855,3.919282511,88.78923767,25,223,15,198,40,8.74
R002,Urban Bites,Italian,Bengaluru,Pizza,No,Rainy,No,2025,Qtr 1,March,6,194,18,0.018969072,2.06741573,89.88764045,18,178,15,160,32,3.68
R002,Urban Bites,Italian,Bengaluru,Pizza,No,Rainy,No,2025,Qtr 1,March,12,231,60,0.053160173,4.815686275,76.47058824,60,255,20,195,35,12.28
R002,Urban Bites,Italian,Bengaluru,Pizza,No,Rainy,No,2025,Qtr 3,July,9,90,89,0.294111111,12.6047619,57.61904762,89,210,0,121,22,26.47
R002,Urban Bites,Italian,Bengaluru,Pizza,No,Rainy,No,2025,Qtr 3,July,30,70,42,0.162428571,7.951048951,70.62937063,42,143,20,101,29,11.37
R002,Urban Bites,Italian,Bengaluru,Pizza,No,Rainy,No,2025,Qtr 3,August,7,54,14,0.079814815,3.780701754,87.71929825,14,114,25,100,38,4.31
R002,Urban Bites,Italian,Bengaluru,Pizza,No,Rainy,No,2025,Qtr 4,November,27,86,31,0.071395349,3.508571429,82.28571429,31,175,5,144,39,6.14
R002,Urban Bites,Italian,Bengaluru,Pizza,No,Sunny,No,2025,Qtr 1,March,5,102,26,0.058235294,3.263736264,85.71428571,26,182,25,156,27,5.94
R002,Urban Bites,Italian,Bengaluru,Pizza,No,Sunny,No,2025,Qtr 1,March,13,48,49,0.256875,10.44915254,58.47457627,49,118,5,69,37,12.33
R002,Urban Bites,Italian,Bengaluru,Pizza,No,Sunny,No,2025,Qtr 2,June,16,64,35,0.1325,5.971830986,75.35211268,35,142,10,107,30,8.48
R002,Urban Bites,Italian,Bengaluru,Pizza,No,Sunny,No,2025,Qtr 3,September,9,55,21,0.108727273,6.430107527,77.41935484,21,93,10,72,29,5.98
R002,Urban Bites,Italian,Bengaluru,Pizza,No,Sunny,No,2025,Qtr 3,September,19,81,80,0.317407407,10.98717949,65.81196581,80,234,0,154,31,25.71
R002,Urban Bites,Italian,Bengaluru,Pizza,No,Sunny,No,2025,Qtr 4,December,1,91,57,0.125274725,4.710743802,76.44628099,57,242,10,185,23,11.4
R002,Urban Bites,Italian,Bengaluru,Pizza,No,Sunny,Yes,2025,Qtr 1,March,15,43,10,0.069534884,3.883116883,87.01298701,10,77,10,67,30,2.99
R002,Urban Bites,Italian,Bengaluru,Pizza,No,Sunny,Yes,2025,Qtr 3,September,7,38,0,0,0,100,0,51,15,51,30,0
R002,Urban Bites,Italian,Bengaluru,Pizza,No,Sunny,Yes,2025,Qtr 3,September,13,127,0,0,0,100,0,190,15,190,32,0
R002,Urban Bites,Italian,Bengaluru,Pizza,Yes,Cloudy,Yes,2025,Qtr 3,September,28,124,9,0.016693548,0.81496063,96.45669291,9,254,20,245,37,2.07
R002,Urban Bites,Italian,Bengaluru,Pizza,Yes,Rainy,No,2025,Qtr 2,May,23,76,36,0.111052632,5.084337349,78.31325301,36,166,5,130,26,8.44
R002,Urban Bites,Italian,Bengaluru,Pizza,Yes,Rainy,No,2025,Qtr 4,November,28,61,14,0.048688525,2.43442623,88.52459016,14,122,15,108,27,2.97
R002,Urban Bites,North Indian,Bengaluru,Biryani,No,Cloudy,No,2025,Qtr 3,July,30,19,36,0.506315789,17.49090909,34.54545455,36,55,5,19,26,9.62
R002,Urban Bites,North Indian,Bengaluru,Biryani,No,Cloudy,Yes,2025,Qtr 1,January,26,134,0,0,0,100,0,222,15,222,36,0
R002,Urban Bites,North Indian,Bengaluru,Biryani,No,Cloudy,Yes,2025,Qtr 3,August,17,212,56,0.07990566,5.923076923,80.41958042,56,286,10,230,39,16.94
R002,Urban Bites,North Indian,Bengaluru,Biryani,No,Rainy,No,2025,Qtr 3,August,6,94,63,0.205744681,7.353612167,76.04562738,63,263,25,200,39,19.34
R002,Urban Bites,North Indian,Bengaluru,Biryani,No,Rainy,No,2025,Qtr 4,November,11,125,29,0.0716,3.960176991,87.16814159,29,226,25,197,38,8.95
R002,Urban Bites,North Indian,Bengaluru,Biryani,No,Sunny,No,2025,Qtr 1,January,27,113,34,0.086017699,6.191082803,78.34394904,34,157,5,123,36,9.72
R002,Urban Bites,North Indian,Bengaluru,Biryani,No,Sunny,No,2025,Qtr 3,July,30,76,60,0.208947368,8.18556701,69.07216495,60,194,0,134,27,15.88
R002,Urban Bites,North Indian,Bengaluru,Biryani,No,Sunny,No,2025,Qtr 3,September,18,123,71,0.159918699,7.565384615,72.69230769,71,260,0,189,40,19.67
R002,Urban Bites,North Indian,Bengaluru,Biryani,No,Sunny,No,2025,Qtr 4,October,29,86,62,0.229418605,8.730088496,72.56637168,62,226,5,164,35,19.73
R002,Urban Bites,North Indian,Bengaluru,Biryani,No,Sunny,No,2025,Qtr 4,November,19,156,55,0.064551282,4.75,74.05660377,55,212,0,157,25,10.07
R002,Urban Bites,North Indian,Bengaluru,Biryani,No,Sunny,Yes,2025,Qtr 1,March,23,61,31,0.107540984,4.895522388,76.86567164,31,134,15,103,36,6.56
R002,Urban Bites,North Indian,Bengaluru,Biryani,No,Sunny,Yes,2025,Qtr 2,June,22,209,52,0.048899522,4.582959641,76.68161435,52,223,0,171,27,10.22
R002,Urban Bites,North Indian,Bengaluru,Biryani,Yes,Cloudy,No,2025,Qtr 4,December,18,132,8,0.017348485,1.085308057,96.20853081,8,211,25,203,35,2.29
R002,Urban Bites,North Indian,Bengaluru,Naan,No,Cloudy,No,2025,Qtr 1,February,19,80,29,0.085875,4.041176471,82.94117647,29,170,20,141,30,6.87
R002,Urban Bites,North Indian,Bengaluru,Naan,No,Cloudy,No,2025,Qtr 2,May,14,167,57,0.087724551,5.486891386,78.65168539,57,267,25,210,34,14.65
R002,Urban Bites,North Indian,Bengaluru,Naan,No,Cloudy,No,2025,Qtr 2,June,30,54,41,0.218888889,9.022900763,68.70229008,41,131,15,90,37,11.82
R002,Urban Bites,North Indian,Bengaluru,Naan,No,Cloudy,Yes,2025,Qtr 1,January,18,127,14,0.022598425,1.007017544,95.0877193,14,285,25,271,22,2.87
R002,Urban Bites,North Indian,Bengaluru,Naan,No,Rainy,No,2025,Qtr 1,January,13,34,28,0.269117647,9.63157895,70.52631579,28,95,15,67,32,9.15
R002,Urban Bites,North Indian,Bengaluru,Naan,No,Rainy,No,2025,Qtr 1,March,17,55,83,0.294909091,10.88590604,44.29530201,83,149,0,66,37,16.22
R002,Urban Bites,North Indian,Bengaluru,Naan,No,Rainy,No,2025,Qtr 2,May,29,92,88,0.300869565,14.4921466,53.92670157,88,191,10,103,31,27.68
R002,Urban Bites,North Indian,Bengaluru,Naan,No,Rainy,No,2025,Qtr 2,June,23,236,52,0.045466102,3.751748252,81.81818182,52,286,25,234,37,10.73
R002,Urban Bites,North Indian,Bengaluru,Naan,No,Rainy,No,2025,Qtr 4,November,13,24,21,0.228333333,8.5625,67.1875,21,64,20,43,27,5.48
R002,Urban Bites,North Indian,Bengaluru,Naan,No,Rainy,No,2025,Qtr 4,November,17,50,0,0,0,100,0,69,25,69,22,0
R002,Urban Bites,North Indian,Bengaluru,Naan,No,Rainy,No,2025,Qtr 4,November,27,35,0,0,0,100,0,71,25,71,31,0
R002,Urban Bites,North Indian,Bengaluru,Naan,No,Rainy,No,2025,Qtr 4,December,12,128,40,0.060546875,3.894472362,79.89949749,40,199,10,159,30,7.75
R002,Urban Bites,North Indian,Bengaluru,Naan,No,Rainy,Yes,2025,Qtr 3,September,6,96,44,0.159270833,8.838150289,74.56647399,44,173,5,129,34,15.29
R002,Urban Bites,North Indian,Bengaluru,Naan,No,Rainy,Yes,2025,Qtr 4,November,16,40,16,0.09675,3.721153846,84.61538462,16,104,15,88,32,3.87
R002,Urban Bites,North Indian,Bengaluru,Naan,No,Rainy,Yes,2025,Qtr 4,December,13,42,28,0.222857143,9.55102041,71.42857143,28,98,0,70,35,9.36
R002,Urban Bites,North Indian,Bengaluru,Naan,No,Sunny,No,2025,Qtr 1,February,4,68,52,0.191470588,6.78125,72.91666667,52,192,5,140,25,13.02
R002,Urban Bites,North Indian,Bengaluru,Naan,No,Sunny,No,2025,Qtr 1,February,28,174,75,0.112873563,7.014285714,73.21428571,75,280,0,205,32,19.64
R002,Urban Bites,North Indian,Bengaluru,Naan,No,Sunny,No,2025,Qtr 3,July,31,126,74,0.187698413,8.044217687,74.82993197,74,294,10,220,39,23.65
R002,Urban Bites,North Indian,Bengaluru,Naan,No,Sunny,No,2025,Qtr 3,September,18,149,25,0.041812081,2.574380165,89.66942149,25,242,10,217,25,6.23
R002,Urban Bites,North Indian,Bengaluru,Naan,No,Sunny,No,2025,Qtr 4,October,14,35,21,0.161428571,5.65,79,21,100,20,79,40,5.65
R002,Urban Bites,North Indian,Bengaluru,Naan,No,Sunny,No,2025,Qtr 4,November,5,96,52,0.1484375,6.222707424,77.29257642,52,229,25,177,38,14.25
R002,Urban Bites,North Indian,Bengaluru,Naan,No,Sunny,No,2025,Qtr 4,December,23,139,21,0.029640288,2.157068063,89.0052356,21,191,10,170,39,4.12
R002,Urban Bites,North Indian,Bengaluru,Naan,No,Sunny,No,2025,Qtr 4,December,23,111,9,0.014774775,0.867724868,95.23809524,9,189,5,180,34,1.64
R002,Urban Bites,North Indian,Bengaluru,Naan,No,Sunny,Yes,2025,Qtr 1,January,5,73,39,0.15890411,6.553672316,77.96610169,39,177,15,138,33,11.6
R002,Urban Bites,North Indian,Bengaluru,Naan,No,Sunny,Yes,2025,Qtr 1,February,15,59,3,0.009491525,0.674698795,96.38554217,3,83,15,80,35,0.56
R002,Urban Bites,North Indian,Bengaluru,Naan,No,Sunny,Yes,2025,Qtr 3,August,3,110,11,0.025181818,1.457894737,94.21052632,11,190,20,179,39,2.77
R002,Urban Bites,North Indian,Bengaluru,Paneer Butter Masala,No,Cloudy,No,2025,Qtr 3,July,25,51,32,0.134117647,4.717241379,77.93103448,32,145,10,113,24,6.84
R002,Urban Bites,North Indian,Bengaluru,Paneer Butter Masala,No,Cloudy,No,2025,Qtr 3,July,29,69,0,0,0,100,0,56,25,56,33,0
R002,Urban Bites,North Indian,Bengaluru,Paneer Butter Masala,No,Cloudy,No,2025,Qtr 4,November,19,109,56,0.129174312,5.94092827,76.37130802,56,237,20,181,28,14.08
R002,Urban Bites,North Indian,Bengaluru,Paneer Butter Masala,No,Cloudy,Yes,2025,Qtr 1,March,22,93,4,0.011290323,0.73943662,97.18309859,4,142,15,138,25,1.05
R002,Urban Bites,North Indian,Bengaluru,Paneer Butter Masala,No,Rainy,No,2025,Qtr 1,February,10,103,96,0.170582524,7.290456432,60.1659751,96,241,0,145,30,17.57
R002,Urban Bites,North Indian,Bengaluru,Paneer Butter Masala,No,Rainy,No,2025,Qtr 4,December,4,75,1,0.0036,0.272727273,98.98989899,1,99,10,98,30,0.27
R002,Urban Bites,North Indian,Bengaluru,Paneer Butter Masala,No,Rainy,No,2025,Qtr 4,December,4,202,24,0.040544554,3.918660287,88.51674641,24,209,20,185,32,8.19
R002,Urban Bites,North Indian,Bengaluru,Paneer Butter Masala,No,Rainy,Yes,2025,Qtr 1,March,22,131,44,0.072442748,4.629268293,78.53658537,44,205,15,161,35,9.49
R002,Urban Bites,North Indian,Bengaluru,Paneer Butter Masala,No,Rainy,Yes,2025,Qtr 3,August,23,19,35,0.428421053,13.79661017,40.6779661,35,59,0,24,23,8.14
R002,Urban Bites,North Indian,Bengaluru,Paneer Butter Masala,No,Rainy,Yes,2025,Qtr 4,November,16,78,62,0.230897436,7.762931034,73.27586207,62,232,5,170,33,18.01
R002,Urban Bites,North Indian,Bengaluru,Paneer Butter Masala,No,Sunny,No,2025,Qtr 1,January,3,17,16,0.324705882,10.41509434,69.81132075,16,53,15,37,33,5.52
R002,Urban Bites,North Indian,Bengaluru,Paneer Butter Masala,No,Sunny,No,2025,Qtr 1,January,24,53,41,0.191886792,9.080357143,63.39285714,41,112,25,71,24,10.17
R002,Urban Bites,North Indian,Bengaluru,Paneer Butter Masala,No,Sunny,No,2025,Qtr 1,February,10,137,27,0.062043796,5.379746835,82.91139241,27,158,15,131,25,8.5
R002,Urban Bites,North Indian,Bengaluru,Paneer Butter Masala,No,Sunny,No,2025,Qtr 1,March,12,24,37,0.38875,11.6625,53.75,37,80,0,43,26,9.33
R002,Urban Bites,North Indian,Bengaluru,Paneer Butter Masala,No,Sunny,No,2025,Qtr 3,September,17,65,0,0,0,100,0,70,25,70,36,0
R002,Urban Bites,North Indian,Bengaluru,Paneer Butter Masala,No,Sunny,Yes,2025,Qtr 1,January,12,104,0,0,0,100,0,200,25,200,25,0
R002,Urban Bites,North Indian,Bengaluru,Paneer Butter Masala,No,Sunny,Yes,2025,Qtr 1,March,1,23,18,0.229565217,8.8,70,18,60,10,42,40,5.28
R002,Urban Bites,North Indian,Bengaluru,Paneer Butter Masala,No,Sunny,Yes,2025,Qtr 1,March,1,111,6,0.01045045,0.469635628,97.5708502,6,247,20,241,34,1.16
R002,Urban Bites,North Indian,Bengaluru,Paneer Butter Masala,Yes,Cloudy,No,2025,Qtr 4,December,1,114,0,0,0,100,0,139,20,139,23,0
R002,Urban Bites,North Indian,Bengaluru,Paneer Butter Masala,Yes,Sunny,No,2025,Qtr 3,September,29,89,8,0.025617978,1.175257732,95.87628866,8,194,25,186,27,2.28
R002,Urban Bites,South Indian,Bengaluru,Dosa,No,Cloudy,Yes,2025,Qtr 4,November,23,77,9,0.034415584,1.754966887,94.0397351,9,151,15,142,30,2.65
R002,Urban Bites,South Indian,Bengaluru,Dosa,No,Rainy,No,2025,Qtr 1,February,5,30,58,0.520333333,13.00833333,51.66666667,58,120,15,62,31,15.61
R002,Urban Bites,South Indian,Bengaluru,Dosa,No,Rainy,No,2025,Qtr 3,September,12,170,77,0.115882353,7.786561265,69.56521739,77,253,15,176,39,19.7
R002,Urban Bites,South Indian,Bengaluru,Dosa,No,Rainy,No,2025,Qtr 4,November,25,117,62,0.133760684,6.11328125,75.78125,62,256,25,194,36,15.65
R002,Urban Bites,South Indian,Bengaluru,Dosa,No,Rainy,No,2025,Qtr 4,December,24,87,58,0.163563218,8.783950617,64.19753086,58,162,0,104,36,14.23
R002,Urban Bites,South Indian,Bengaluru,Dosa,No,Rainy,Yes,2025,Qtr 4,October,18,78,52,0.210384615,7.814285714,75.23809524,52,210,5,158,25,16.41
R002,Urban Bites,South Indian,Bengaluru,Dosa,No,Sunny,No,2025,Qtr 1,March,11,179,75,0.100949721,7.257028112,69.87951807,75,249,5,174,25,18.07
R002,Urban Bites,South Indian,Bengaluru,Dosa,No,Sunny,No,2025,Qtr 3,August,1,110,55,0.170818182,9.94179894,70.8994709,55,189,5,134,24,18.79
R002,Urban Bites,South Indian,Bengaluru,Dosa,No,Sunny,No,2025,Qtr 4,October,6,58,29,0.098103448,4.310606061,78.03030303,29,132,25,103,31,5.69
R002,Urban Bites,South Indian,Bengaluru,Dosa,Yes,Sunny,Yes,2025,Qtr 4,November,23,108,7,0.020185185,2,93.57798165,7,109,15,102,35,2.18
R002,Urban Bites,South Indian,Bengaluru,Idli,No,Cloudy,No,2025,Qtr 1,February,14,91,82,0.268791209,9.092936803,69.51672862,82,269,25,187,34,24.46
R002,Urban Bites,South Indian,Bengaluru,Idli,No,Cloudy,No,2025,Qtr 2,April,29,67,80,0.328208955,11.82258065,56.98924731,80,186,5,106,28,21.99
R002,Urban Bites,South Indian,Bengaluru,Idli,No,Cloudy,No,2025,Qtr 2,May,22,57,61,0.306842105,9.9375,65.34090909,61,176,10,115,24,17.49
R002,Urban Bites,South Indian,Bengaluru,Idli,No,Cloudy,No,2025,Qtr 4,December,10,79,0,0,0,100,0,72,5,72,40,0
R002,Urban Bites,South Indian,Bengaluru,Idli,No,Rainy,No,2025,Qtr 1,March,7,39,55,0.289230769,8.744186047,57.36434109,55,129,10,74,38,11.28
R002,Urban Bites,South Indian,Bengaluru,Idli,No,Rainy,Yes,2025,Qtr 3,September,13,122,55,0.089262295,3.76816609,80.96885813,55,289,25,234,32,10.89
R002,Urban Bites,South Indian,Bengaluru,Idli,No,Rainy,Yes,2025,Qtr 4,December,6,46,41,0.242391304,7.907801418,70.92198582,41,141,15,100,32,11.15
R002,Urban Bites,South Indian,Bengaluru,Idli,No,Sunny,No,2025,Qtr 3,July,14,93,17,0.048709677,2.941558442,88.96103896,17,154,15,137,29,4.53
R002,Urban Bites,South Indian,Bengaluru,Idli,No,Sunny,No,2025,Qtr 3,August,6,67,29,0.140298507,8.867924528,72.64150943,29,106,20,77,38,9.4
R002,Urban Bites,South Indian,Bengaluru,Idli,No,Sunny,No,2025,Qtr 3,September,29,83,17,0.045060241,2.077777778,90.55555556,17,180,25,163,33,3.74
R002,Urban Bites,South Indian,Bengaluru,Idli,No,Sunny,No,2025,Qtr 3,September,29,57,33,0.169122807,7.966942149,72.72727273,33,121,20,88,29,9.64
R002,Urban Bites,South Indian,Bengaluru,Idli,No,Sunny,Yes,2025,Qtr 2,June,8,251,18,0.016494024,1.64940239,92.82868526,18,251,5,233,40,4.14
R002,Urban Bites,South Indian,Bengaluru,Idli,No,Sunny,Yes,2025,Qtr 2,June,28,60,15,0.062833333,2.654929577,89.43661972,15,142,5,127,26,3.77
R002,Urban Bites,South Indian,Bengaluru,Meals,No,Cloudy,No,2025,Qtr 2,May,16,60,15,0.0815,3.595588235,88.97058824,15,136,10,121,34,4.89
R002,Urban Bites,South Indian,Bengaluru,Meals,No,Cloudy,No,2025,Qtr 2,June,26,127,29,0.05984252,3.8,85.5,29,200,15,171,35,7.6
R002,Urban Bites,South Indian,Bengaluru,Meals,No,Cloudy,No,2025,Qtr 4,October,31,129,43,0.078527132,5.221649485,77.83505155,43,194,5,151,24,10.13
R002,Urban Bites,South Indian,Bengaluru,Meals,No,Rainy,No,2025,Qtr 1,February,5,214,100,0.100046729,7.813868613,63.50364964,100,274,10,174,31,21.41
R002,Urban Bites,South Indian,Bengaluru,Meals,No,Rainy,No,2025,Qtr 3,September,15,58,75,0.332931034,9.655,62.5,75,200,10,125,24,19.31
R002,Urban Bites,South Indian,Bengaluru,Meals,No,Rainy,Yes,2025,Qtr 4,October,18,30,24,0.221,11.43103448,58.62068966,24,58,20,34,32,6.63
R002,Urban Bites,South Indian,Bengaluru,Meals,No,Sunny,No,2025,Qtr 1,January,14,40,13,0.06925,4.073529412,80.88235294,13,68,25,55,36,2.77
R002,Urban Bites,South Indian,Bengaluru,Meals,No,Sunny,No,2025,Qtr 2,May,6,188,12,0.012553191,1.421686747,92.77108434,12,166,20,154,34,2.36
R002,Urban Bites,South Indian,Bengaluru,Meals,No,Sunny,No,2025,Qtr 2,June,19,13,37,0.790769231,17.42372881,37.28813559,37,59,10,22,23,10.28
R002,Urban Bites,South Indian,Bengaluru,Meals,No,Sunny,No,2025,Qtr 3,July,28,85,19,0.069529412,4.410447761,85.82089552,19,134,15,115,35,5.91
R002,Urban Bites,South Indian,Bengaluru,Meals,No,Sunny,No,2025,Qtr 4,November,13,156,31,0.053525641,5.251572327,80.50314465,31,159,10,128,26,8.35
R002,Urban Bites,South Indian,Bengaluru,Meals,No,Sunny,No,2025,Qtr 4,November,17,57,25,0.078947368,3.515625,80.46875,25,128,0,103,29,4.5
R002,Urban Bites,South Indian,Bengaluru,Meals,No,Sunny,Yes,2025,Qtr 1,January,11,30,3,0.033333333,1.5625,95.3125,3,64,10,61,24,1
R002,Urban Bites,South Indian,Bengaluru,Meals,Yes,Sunny,No,2025,Qtr 1,January,3,162,27,0.052283951,3.025,90.35714286,27,280,25,253,27,8.47
R002,Urban Bites,South Indian,Bengaluru,Meals,Yes,Sunny,No,2025,Qtr 2,June,10,66,20,0.067727273,5.518518519,75.30864198,20,81,5,61,40,4.47
R002,Urban Bites,South Indian,Bengaluru,Meals,Yes,Sunny,No,2025,Qtr 4,December,24,165,35,0.062242424,3.517123288,88.01369863,35,292,25,257,27,10.27
R002,Urban Bites,South Indian,Bengaluru,Pongal,No,Rainy,No,2025,Qtr 1,March,10,23,10,0.113478261,4.278688525,83.60655738,10,61,5,51,32,2.61
R002,Urban Bites,South Indian,Bengaluru,Pongal,No,Rainy,No,2025,Qtr 2,April,15,91,97,0.232527473,8.743801653,59.91735537,97,242,0,145,33,21.16
R002,Urban Bites,South Indian,Bengaluru,Pongal,No,Rainy,No,2025,Qtr 4,December,17,97,53,0.159793814,7.63546798,73.89162562,53,203,10,150,40,15.5
R002,Urban Bites,South Indian,Bengaluru,Pongal,No,Rainy,Yes,2025,Qtr 2,June,1,147,72,0.09462585,5.995689655,68.96551724,72,232,5,160,39,13.91
R002,Urban Bites,South Indian,Bengaluru,Pongal,No,Rainy,Yes,2025,Qtr 3,August,3,152,28,0.041907895,4.190789474,81.57894737,28,152,25,124,39,6.37
R002,Urban Bites,South Indian,Bengaluru,Pongal,No,Sunny,No,2025,Qtr 3,August,4,186,30,0.049247312,4.924731183,83.87096774,30,186,10,156,22,9.16
R002,Urban Bites,South Indian,Bengaluru,Pongal,No,Sunny,No,2025,Qtr 4,October,22,67,17,0.061044776,5.381578947,77.63157895,17,76,15,59,26,4.09
R002,Urban Bites,South Indian,Bengaluru,Pongal,No,Sunny,Yes,2025,Qtr 2,June,1,128,0,0,0,100,0,195,25,195,28,0
R002,Urban Bites,South Indian,Bengaluru,Pongal,No,Sunny,Yes,2025,Qtr 3,July,12,51,0,0,0,100,0,90,15,90,24,0
R002,Urban Bites,South Indian,Bengaluru,Pongal,No,Sunny,Yes,2025,Qtr 3,August,9,30,11,0.069333333,2.666666667,85.8974359,11,78,25,67,40,2.08
R002,Urban Bites,South Indian,Bengaluru,Pongal,No,Sunny,Yes,2025,Qtr 3,August,9,100,25,0.0596,4.515151515,81.06060606,25,132,25,107,40,5.96
R002,Urban Bites,South Indian,Bengaluru,Pongal,No,Sunny,Yes,2025,Qtr 4,October,26,74,38,0.161891892,6.272251309,80.10471204,38,191,10,153,26,11.98
R003,Ocean Treat,Chinese,Hyderabad,Fried Rice,No,Cloudy,No,2025,Qtr 1,February,27,122,61,0.149590164,8.946078431,70.09803922,61,204,25,143,40,18.25
R003,Ocean Treat,Chinese,Hyderabad,Fried Rice,No,Cloudy,No,2025,Qtr 2,May,8,116,53,0.110344828,5.182186235,78.54251012,53,247,0,194,32,12.8
R003,Ocean Treat,Chinese,Hyderabad,Fried Rice,No,Rainy,No,2025,Qtr 1,March,18,47,48,0.212553191,8.256198347,60.33057851,48,121,25,73,32,9.99
R003,Ocean Treat,Chinese,Hyderabad,Fried Rice,No,Sunny,No,2025,Qtr 1,January,30,69,3,0.008695652,0.540540541,97.2972973,3,111,15,108,24,0.6
R003,Ocean Treat,Chinese,Hyderabad,Fried Rice,No,Sunny,No,2025,Qtr 1,February,7,83,32,0.073975904,5.116666667,73.33333333,32,120,0,88,34,6.14
R003,Ocean Treat,Chinese,Hyderabad,Fried Rice,No,Sunny,No,2025,Qtr 3,July,17,66,34,0.127272727,4.69273743,81.00558659,34,179,20,145,39,8.4
R003,Ocean Treat,Chinese,Hyderabad,Fried Rice,No,Sunny,Yes,2025,Qtr 2,April,12,163,42,0.060981595,4.87254902,79.41176471,42,204,0,162,38,9.94
R003,Ocean Treat,Chinese,Hyderabad,Fried Rice,No,Sunny,Yes,2025,Qtr 2,April,20,63,17,0.071904762,3.306569343,87.59124088,17,137,5,120,37,4.53
R003,Ocean Treat,Chinese,Hyderabad,Fried Rice,Yes,Rainy,No,2025,Qtr 2,April,16,82,39,0.134756098,5.877659574,79.25531915,39,188,25,149,29,11.05
R003,Ocean Treat,Chinese,Hyderabad,Fried Rice,Yes,Rainy,No,2025,Qtr 3,August,28,138,55,0.098695652,4.601351351,81.41891892,55,296,25,241,29,13.62
R003,Ocean Treat,Chinese,Hyderabad,Fried Rice,Yes,Sunny,No,2025,Qtr 1,January,15,110,22,0.062,3.393034826,89.05472637,22,201,25,179,33,6.82
R003,Ocean Treat,Chinese,Hyderabad,Manchurian,No,Cloudy,No,2025,Qtr 1,February,25,71,57,0.256338028,8.87804878,72.19512195,57,205,10,148,28,18.2
R003,Ocean Treat,Chinese,Hyderabad,Manchurian,No,Cloudy,No,2025,Qtr 2,June,26,184,69,0.097228261,5.983277592,76.92307692,69,299,0,230,33,17.89
R003,Ocean Treat,Chinese,Hyderabad,Manchurian,No,Cloudy,No,2025,Qtr 3,July,31,64,84,0.25578125,8.89673913,54.34782609,84,184,0,100,28,16.37
R003,Ocean Treat,Chinese,Hyderabad,Manchurian,No,Cloudy,No,2025,Qtr 4,October,21,29,22,0.225172414,12.55769231,57.69230769,22,52,0,30,33,6.53
R003,Ocean Treat,Chinese,Hyderabad,Manchurian,No,Cloudy,No,2025,Qtr 4,December,26,215,77,0.108325581,8.469090909,72,77,275,5,198,22,23.29
R003,Ocean Treat,Chinese,Hyderabad,Manchurian,No,Sunny,No,2025,Qtr 1,February,13,69,6,0.016231884,1.333333333,92.85714286,6,84,10,78,31,1.12
R003,Ocean Treat,Chinese,Hyderabad,Manchurian,No,Sunny,No,2025,Qtr 1,February,24,33,0,0,0,100,0,61,25,61,37,0
R003,Ocean Treat,Chinese,Hyderabad,Manchurian,No,Sunny,No,2025,Qtr 2,April,10,89,57,0.207752809,8.074235808,75.10917031,57,229,10,172,34,18.49
R003,Ocean Treat,Chinese,Hyderabad,Manchurian,No,Sunny,No,2025,Qtr 2,June,3,89,24,0.090674157,5.140127389,84.7133758,24,157,0,133,25,8.07
R003,Ocean Treat,Chinese,Hyderabad,Manchurian,No,Sunny,No,2025,Qtr 3,August,7,78,60,0.15974359,6.808743169,67.21311475,60,183,5,123,32,12.46
R003,Ocean Treat,Chinese,Hyderabad,Manchurian,No,Sunny,No,2025,Qtr 3,August,20,34,45,0.312058824,8.915966387,62.18487395,45,119,15,74,32,10.61
R003,Ocean Treat,Chinese,Hyderabad,Manchurian,No,Sunny,Yes,2025,Qtr 1,January,12,108,22,0.064351852,3.564102564,88.71794872,22,195,10,173,26,6.95
R003,Ocean Treat,Chinese,Hyderabad,Noodles,No,Cloudy,No,2025,Qtr 3,July,21,79,68,0.228227848,7.5125,71.66666667,68,240,10,172,33,18.03
R003,Ocean Treat,Chinese,Hyderabad,Noodles,No,Cloudy,Yes,2025,Qtr 1,January,4,69,27,0.112608696,8.09375,71.875,27,96,0,69,40,7.77
R003,Ocean Treat,Chinese,Hyderabad,Noodles,No,Cloudy,Yes,2025,Qtr 1,January,11,79,20,0.053037975,2.703225806,87.09677419,20,155,25,135,28,4.19
R003,Ocean Treat,Chinese,Hyderabad,Noodles,No,Cloudy,Yes,2025,Qtr 3,September,7,58,35,0.180172414,7.857142857,73.68421053,35,133,15,98,24,10.45
R003,Ocean Treat,Chinese,Hyderabad,Noodles,No,Rainy,No,2025,Qtr 2,April,4,101,80,0.18990099,8.375545852,65.06550218,80,229,10,149,32,19.18
R003,Ocean Treat,Chinese,Hyderabad,Noodles,No,Rainy,No,2025,Qtr 4,December,11,57,58,0.333333333,10.55555556,67.77777778,58,180,15,122,36,19
R003,Ocean Treat,Chinese,Hyderabad,Noodles,No,Sunny,No,2025,Qtr 1,March,27,80,49,0.182375,7.014423077,76.44230769,49,208,5,159,39,14.59
R003,Ocean Treat,Chinese,Hyderabad,Noodles,No,Sunny,No,2025,Qtr 2,May,14,91,45,0.164615385,6.903225806,79.26267281,45,217,20,172,31,14.98
R003,Ocean Treat,Chinese,Hyderabad,Noodles,No,Sunny,No,2025,Qtr 3,September,15,105,73,0.184380952,8.642857143,67.41071429,73,224,10,151,23,19.36
R003,Ocean Treat,Chinese,Hyderabad,Noodles,No,Sunny,No,2025,Qtr 4,October,27,42,9,0.067142857,4.028571429,87.14285714,9,70,25,61,22,2.82
R003,Ocean Treat,Chinese,Hyderabad,Noodles,No,Sunny,Yes,2025,Qtr 3,July,12,117,62,0.16965812,7.406716418,76.86567164,62,268,10,206,30,19.85
R003,Ocean Treat,Chinese,Hyderabad,Noodles,No,Sunny,Yes,2025,Qtr 4,December,6,94,40,0.140319149,7.015957447,78.72340426,40,188,20,148,35,13.19
R003,Ocean Treat,Chinese,Hyderabad,Noodles,Yes,Cloudy,No,2025,Qtr 3,July,8,320,16,0.0133125,1.429530201,94.63087248,16,298,5,282,40,4.26
R003,Ocean Treat,Chinese,Hyderabad,Noodles,Yes,Rainy,No,2025,Qtr 3,July,14,160,65,0.0824375,5.092664093,74.9034749,65,259,0,194,35,13.19
R003,Ocean Treat,Chinese,Hyderabad,Noodles,Yes,Rainy,No,2025,Qtr 4,December,5,109,83,0.226697248,8.55017301,71.28027682,83,289,10,206,36,24.71
R003,Ocean Treat,Italian,Hyderabad,Pasta,No,Cloudy,No,2025,Qtr 1,February,20,126,76,0.199603175,9.94071146,69.96047431,76,253,5,177,39,25.15
R003,Ocean Treat,Italian,Hyderabad,Pasta,No,Cloudy,No,2025,Qtr 1,March,4,25,33,0.4604,20.19298246,42.10526316,33,57,10,24,29,11.51
R003,Ocean Treat,Italian,Hyderabad,Pasta,No,Cloudy,No,2025,Qtr 3,August,5,90,32,0.099,3.907894737,85.96491228,32,228,15,196,39,8.91
R003,Ocean Treat,Italian,Hyderabad,Pasta,No,Cloudy,No,2025,Qtr 3,August,6,157,46,0.064203822,4.2,80.83333333,46,240,10,194,33,10.08
R003,Ocean Treat,Italian,Hyderabad,Pasta,No,Cloudy,No,2025,Qtr 4,December,2,118,33,0.076440678,4.195348837,84.65116279,33,215,25,182,37,9.02
R003,Ocean Treat,Italian,Hyderabad,Pasta,No,Cloudy,Yes,2025,Qtr 2,May,31,68,13,0.053088235,2.911290323,89.51612903,13,124,20,111,31,3.61
R003,Ocean Treat,Italian,Hyderabad,Pasta,No,Cloudy,Yes,2025,Qtr 4,December,21,42,7,0.046904762,2.402439024,91.46341463,7,82,15,75,30,1.97
R003,Ocean Treat,Italian,Hyderabad,Pasta,No,Rainy,No,2025,Qtr 1,February,12,127,98,0.268188976,12.80451128,63.15789474,98,266,5,168,28,34.06
R003,Ocean Treat,Italian,Hyderabad,Pasta,No,Rainy,No,2025,Qtr 4,November,25,250,86,0.06472,5.447811448,71.04377104,86,297,0,211,33,16.18
R003,Ocean Treat,Italian,Hyderabad,Pasta,No,Sunny,No,2025,Qtr 1,February,6,38,23,0.136578947,7.414285714,67.14285714,23,70,25,47,29,5.19
R003,Ocean Treat,Italian,Hyderabad,Pasta,No,Sunny,No,2025,Qtr 1,February,14,28,31,0.234642857,8.012195122,62.19512195,31,82,0,51,28,6.57
R003,Ocean Treat,Italian,Hyderabad,Pasta,No,Sunny,No,2025,Qtr 1,February,24,50,19,0.092,5.168539326,78.65168539,19,89,20,70,40,4.6
R003,Ocean Treat,Italian,Hyderabad,Pasta,No,Sunny,No,2025,Qtr 1,March,7,121,52,0.103801653,5.683257919,76.47058824,52,221,25,169,38,12.56
R003,Ocean Treat,Italian,Hyderabad,Pasta,No,Sunny,No,2025,Qtr 2,April,3,51,11,0.075098039,6.839285714,80.35714286,11,56,10,45,29,3.83
R003,Ocean Treat,Italian,Hyderabad,Pasta,No,Sunny,No,2025,Qtr 2,April,21,66,58,0.29469697,10.57065217,68.47826087,58,184,0,126,25,19.45
R003,Ocean Treat,Italian,Hyderabad,Pasta,No,Sunny,No,2025,Qtr 2,June,23,104,57,0.134711538,6.282511211,74.43946188,57,223,0,166,32,14.01
R003,Ocean Treat,Italian,Hyderabad,Pasta,No,Sunny,No,2025,Qtr 3,July,15,70,49,0.226285714,9.83850932,69.56521739,49,161,5,112,27,15.84
R003,Ocean Treat,Italian,Hyderabad,Pasta,No,Sunny,No,2025,Qtr 4,October,14,66,33,0.146060606,5.98757764,79.50310559,33,161,10,128,23,9.64
R003,Ocean Treat,Italian,Hyderabad,Pasta,No,Sunny,No,2025,Qtr 4,October,21,130,86,0.221153846,12.28632479,63.24786325,86,234,15,148,38,28.75
R003,Ocean Treat,Italian,Hyderabad,Pasta,No,Sunny,No,2025,Qtr 4,November,6,39,15,0.111282051,8.509803922,70.58823529,15,51,5,36,26,4.34
R003,Ocean Treat,Italian,Hyderabad,Pasta,No,Sunny,No,2025,Qtr 4,November,27,149,54,0.105838926,6.856521739,76.52173913,54,230,10,176,34,15.77
R003,Ocean Treat,Italian,Hyderabad,Pasta,No,Sunny,Yes,2025,Qtr 2,June,7,87,29,0.069195402,2.813084112,86.44859813,29,214,0,185,24,6.02
R003,Ocean Treat,Italian,Hyderabad,Pasta,No,Sunny,Yes,2025,Qtr 4,November,8,105,57,0.13952381,5.158450704,79.92957746,57,284,10,227,29,14.65
R003,Ocean Treat,Italian,Hyderabad,Pasta,Yes,Cloudy,No,2025,Qtr 3,September,1,159,0,0,0,100,0,258,15,258,32,0
R003,Ocean Treat,Italian,Hyderabad,Pasta,Yes,Sunny,Yes,2025,Qtr 1,February,15,99,0,0,0,100,0,199,5,199,38,0
R003,Ocean Treat,Italian,Hyderabad,Pizza,No,Cloudy,No,2025,Qtr 1,January,3,81,49,0.184320988,11.48461538,62.30769231,49,130,25,81,29,14.93
R003,Ocean Treat,Italian,Hyderabad,Pizza,No,Cloudy,No,2025,Qtr 1,January,6,32,22,0.1909375,8.146666667,70.66666667,22,75,20,53,38,6.11
R003,Ocean Treat,Italian,Hyderabad,Pizza,No,Cloudy,No,2025,Qtr 1,February,5,40,38,0.28425,11.84375,60.41666667,38,96,20,58,25,11.37
R003,Ocean Treat,Italian,Hyderabad,Pizza,No,Cloudy,No,2025,Qtr 1,March,5,65,53,0.265384615,10.45454545,67.87878788,53,165,5,112,32,17.25
R003,Ocean Treat,Italian,Hyderabad,Pizza,No,Cloudy,No,2025,Qtr 2,April,7,80,0,0,0,100,0,163,20,163,35,0
R003,Ocean Treat,Italian,Hyderabad,Pizza,No,Cloudy,No,2025,Qtr 3,August,1,200,47,0.0571,5.262672811,78.34101382,47,217,10,170,37,11.42
R003,Ocean Treat,Italian,Hyderabad,Pizza,No,Cloudy,No,2025,Qtr 3,August,7,92,0,0,0,100,0,153,15,153,34,0
R003,Ocean Treat,Italian,Hyderabad,Pizza,No,Cloudy,No,2025,Qtr 4,December,17,90,55,0.173,10.17647059,64.05228758,55,153,5,98,24,15.57
R003,Ocean Treat,Italian,Hyderabad,Pizza,No,Cloudy,No,2025,Qtr 4,December,24,98,21,0.058061224,3.026595745,88.82978723,21,188,25,167,36,5.69
R003,Ocean Treat,Italian,Hyderabad,Pizza,No,Rainy,No,2025,Qtr 1,January,6,78,32,0.123589744,5.670588235,81.17647059,32,170,15,138,32,9.64
R003,Ocean Treat,Italian,Hyderabad,Pizza,No,Rainy,No,2025,Qtr 2,April,17,61,24,0.081311475,4.679245283,77.35849057,24,106,15,82,36,4.96
R003,Ocean Treat,Italian,Hyderabad,Pizza,No,Rainy,No,2025,Qtr 4,October,23,70,58,0.221,8.84,66.85714286,58,175,10,117,38,15.47
R003,Ocean Treat,Italian,Hyderabad,Pizza,No,Sunny,No,2025,Qtr 1,January,3,100,88,0.2842,10.15,68.57142857,88,280,5,192,23,28.42
R003,Ocean Treat,Italian,Hyderabad,Pizza,No,Sunny,No,2025,Qtr 1,January,31,140,65,0.128785714,6.803773585,75.47169811,65,265,0,200,38,18.03
R003,Ocean Treat,Italian,Hyderabad,Pizza,No,Sunny,No,2025,Qtr 1,February,18,149,72,0.12295302,6.861423221,73.03370787,72,267,5,195,23,18.32
R003,Ocean Treat,Italian,Hyderabad,Pizza,No,Sunny,No,2025,Qtr 1,March,19,103,29,0.055339806,3.774834437,80.79470199,29,151,15,122,38,5.7
R003,Ocean Treat,Italian,Hyderabad,Pizza,No,Sunny,No,2025,Qtr 2,May,28,168,23,0.034821429,2.142857143,91.57509158,23,273,25,250,26,5.85
R003,Ocean Treat,Italian,Hyderabad,Pizza,No,Sunny,No,2025,Qtr 3,July,8,101,32,0.084158416,3.811659193,85.65022422,32,223,10,191,36,8.5
R003,Ocean Treat,Italian,Hyderabad,Pizza,No,Sunny,No,2025,Qtr 3,July,31,119,44,0.088235294,5.497382199,76.96335079,44,191,20,147,37,10.5
R003,Ocean Treat,Italian,Hyderabad,Pizza,No,Sunny,No,2025,Qtr 3,August,8,92,24,0.05076087,3.384057971,82.60869565,24,138,25,114,35,4.67
R003,Ocean Treat,Italian,Hyderabad,Pizza,No,Sunny,No,2025,Qtr 4,October,23,39,42,0.341025641,15.64705882,50.58823529,42,85,5,43,37,13.3
R003,Ocean Treat,Italian,Hyderabad,Pizza,No,Sunny,No,2025,Qtr 4,November,10,119,51,0.137142857,5.913043478,81.52173913,51,276,25,225,31,16.32
R003,Ocean Treat,Italian,Hyderabad,Pizza,No,Sunny,Yes,2025,Qtr 1,February,8,75,0,0,0,100,0,163,25,163,39,0
R003,Ocean Treat,Italian,Hyderabad,Pizza,No,Sunny,Yes,2025,Qtr 1,February,15,152,39,0.069013158,6.435582822,76.07361963,39,163,10,124,35,10.49
R003,Ocean Treat,Italian,Hyderabad,Pizza,No,Sunny,Yes,2025,Qtr 1,March,8,30,29,0.238333333,12.54385965,49.12280702,29,57,0,28,23,7.15
R003,Ocean Treat,Italian,Hyderabad,Pizza,No,Sunny,Yes,2025,Qtr 3,August,31,70,0,0,0,100,0,138,0,138,22,0
R003,Ocean Treat,Italian,Hyderabad,Pizza,Yes,Rainy,No,2025,Qtr 1,March,14,61,11,0.042459016,3.5,85.13513514,11,74,15,63,34,2.59
R003,Ocean Treat,Italian,Hyderabad,Pizza,Yes,Sunny,No,2025,Qtr 3,July,3,91,23,0.059230769,4.8125,79.46428571,23,112,10,89,33,5.39
R003,Ocean Treat,North Indian,Hyderabad,Biryani,No,Cloudy,No,2025,Qtr 1,March,5,20,33,0.4405,12.06849315,54.79452055,33,73,0,40,36,8.81
R003,Ocean Treat,North Indian,Hyderabad,Biryani,No,Cloudy,No,2025,Qtr 2,April,7,169,73,0.093846154,6.007575758,72.34848485,73,264,5,191,37,15.86
R003,Ocean Treat,North Indian,Hyderabad,Biryani,No,Cloudy,No,2025,Qtr 2,April,18,111,44,0.12036036,5.003745318,83.52059925,44,267,0,223,29,13.36
R003,Ocean Treat,North Indian,Hyderabad,Biryani,No,Cloudy,No,2025,Qtr 2,May,12,111,32,0.076036036,3.836363636,85.45454545,32,220,20,188,25,8.44
R003,Ocean Treat,North Indian,Hyderabad,Biryani,No,Cloudy,Yes,2025,Qtr 1,January,12,120,43,0.103583333,4.17114094,85.5704698,43,298,25,255,39,12.43
R003,Ocean Treat,North Indian,Hyderabad,Biryani,No,Rainy,No,2025,Qtr 1,January,3,189,98,0.152698413,9.65217391,67.22408027,98,299,25,201,28,28.86
R003,Ocean Treat,North Indian,Hyderabad,Biryani,No,Rainy,No,2025,Qtr 4,November,4,28,18,0.177142857,7.515151515,72.72727273,18,66,25,48,34,4.96
R003,Ocean Treat,North Indian,Hyderabad,Biryani,No,Sunny,No,2025,Qtr 1,March,31,62,36,0.175,9.434782609,68.69565217,36,115,15,79,31,10.85
R003,Ocean Treat,North Indian,Hyderabad,Biryani,No,Sunny,No,2025,Qtr 2,April,10,69,71,0.203913043,8.475903614,57.22891566,71,166,5,95,40,14.07
R003,Ocean Treat,North Indian,Hyderabad,Biryani,No,Sunny,No,2025,Qtr 3,September,15,51,25,0.13372549,7.413043478,72.82608696,25,92,25,67,25,6.82
R003,Ocean Treat,North Indian,Hyderabad,Biryani,No,Sunny,No,2025,Qtr 4,October,15,106,33,0.071603774,3.343612335,85.46255507,33,227,20,194,33,7.59
R003,Ocean Treat,North Indian,Hyderabad,Biryani,No,Sunny,No,2025,Qtr 4,November,21,206,76,0.092961165,7.145522388,71.64179104,76,268,0,192,37,19.15
R003,Ocean Treat,North Indian,Hyderabad,Biryani,No,Sunny,Yes,2025,Qtr 1,February,16,64,0,0,0,100,0,54,15,54,31,0
R003,Ocean Treat,North Indian,Hyderabad,Biryani,No,Sunny,Yes,2025,Qtr 2,April,13,66,3,0.012424242,0.719298246,97.36842105,3,114,10,111,39,0.82
R003,Ocean Treat,North Indian,Hyderabad,Biryani,No,Sunny,Yes,2025,Qtr 4,November,16,173,45,0.063352601,3.985454545,83.63636364,45,275,5,230,24,10.96
R003,Ocean Treat,North Indian,Hyderabad,Biryani,No,Sunny,Yes,2025,Qtr 4,December,6,89,25,0.065617978,2.862745098,87.74509804,25,204,20,179,25,5.84
R003,Ocean Treat,North Indian,Hyderabad,Naan,No,Cloudy,No,2025,Qtr 1,January,30,106,58,0.105849057,5.813471503,69.94818653,58,193,5,135,35,11.22
R003,Ocean Treat,North Indian,Hyderabad,Naan,No,Cloudy,No,2025,Qtr 2,June,12,204,44,0.069901961,6.663551402,79.43925234,44,214,15,170,23,14.26
R003,Ocean Treat,North Indian,Hyderabad,Naan,No,Cloudy,No,2025,Qtr 4,November,6,39,12,0.081025641,3.511111111,86.66666667,12,90,20,78,27,3.16
R003,Ocean Treat,North Indian,Hyderabad,Naan,No,Cloudy,Yes,2025,Qtr 3,September,14,76,14,0.054605263,2.305555556,92.22222222,14,180,25,166,33,4.15
R003,Ocean Treat,North Indian,Hyderabad,Naan,No,Rainy,No,2025,Qtr 2,June,13,40,47,0.2845,9.177419355,62.09677419,47,124,5,77,37,11.38
R003,Ocean Treat,North Indian,Hyderabad,Naan,No,Rainy,Yes,2025,Qtr 2,June,1,39,38,0.235128205,7.837606838,67.52136752,38,117,0,79,25,9.17
R003,Ocean Treat,North Indian,Hyderabad,Naan,No,Sunny,No,2025,Qtr 1,January,27,186,37,0.041451613,2.84501845,86.34686347,37,271,15,234,25,7.71
R003,Ocean Treat,North Indian,Hyderabad,Naan,No,Sunny,No,2025,Qtr 1,February,11,97,39,0.136494845,6.653266332,80.40201005,39,199,25,160,33,13.24
R003,Ocean Treat,North Indian,Hyderabad,Naan,No,Sunny,No,2025,Qtr 2,May,28,76,91,0.274078947,9.056521739,60.43478261,91,230,10,139,37,20.83
R003,Ocean Treat,North Indian,Hyderabad,Naan,No,Sunny,No,2025,Qtr 2,June,13,49,32,0.123469388,5.084033613,73.1092437,32,119,20,87,40,6.05
R003,Ocean Treat,North Indian,Hyderabad,Naan,No,Sunny,No,2025,Qtr 3,August,18,108,40,0.098148148,5.638297872,78.72340426,40,188,0,148,39,10.6
R003,Ocean Treat,North Indian,Hyderabad,Naan,No,Sunny,No,2025,Qtr 4,December,15,181,12,0.015524862,1.692771084,92.77108434,12,166,25,154,31,2.81
R003,Ocean Treat,North Indian,Hyderabad,Naan,No,Sunny,Yes,2025,Qtr 1,February,2,131,21,0.04389313,2.637614679,90.36697248,21,218,25,197,34,5.75
R003,Ocean Treat,North Indian,Hyderabad,Naan,No,Sunny,Yes,2025,Qtr 3,August,30,48,17,0.085625,3.396694215,85.95041322,17,121,10,104,25,4.11
R003,Ocean Treat,North Indian,Hyderabad,Paneer Butter Masala,No,Cloudy,No,2025,Qtr 1,January,20,50,29,0.1506,6.12195122,76.42276423,29,123,5,94,37,7.53
R003,Ocean Treat,North Indian,Hyderabad,Paneer Butter Masala,No,Cloudy,No,2025,Qtr 2,May,27,107,12,0.025420561,2.266666667,90,12,120,10,108,36,2.72
R003,Ocean Treat,North Indian,Hyderabad,Paneer Butter Masala,No,Rainy,No,2025,Qtr 1,February,17,139,85,0.159496403,7.946236559,69.53405018,85,279,10,194,32,22.17
R003,Ocean Treat,North Indian,Hyderabad,Paneer Butter Masala,No,Rainy,No,2025,Qtr 2,April,3,109,62,0.155504587,7.669683258,71.94570136,62,221,20,159,23,16.95
R003,Ocean Treat,North Indian,Hyderabad,Paneer Butter Masala,No,Rainy,No,2025,Qtr 2,June,2,74,29,0.10472973,4.428571429,83.42857143,29,175,20,146,31,7.75
R003,Ocean Treat,North Indian,Hyderabad,Paneer Butter Masala,No,Rainy,No,2025,Qtr 2,June,16,42,21,0.096190476,3.740740741,80.55555556,21,108,15,87,35,4.04
R003,Ocean Treat,North Indian,Hyderabad,Paneer Butter Masala,No,Rainy,No,2025,Qtr 3,September,18,71,77,0.206901408,8.346590909,56.25,77,176,5,99,23,14.69
R003,Ocean Treat,North Indian,Hyderabad,Paneer Butter Masala,No,Rainy,No,2025,Qtr 4,October,7,73,63,0.278493151,11.61714286,64,63,175,0,112,39,20.33
R003,Ocean Treat,North Indian,Hyderabad,Paneer Butter Masala,No,Rainy,No,2025,Qtr 4,October,8,74,50,0.182297297,8.993333333,66.66666667,50,150,15,100,37,13.49
R003,Ocean Treat,North Indian,Hyderabad,Paneer Butter Masala,No,Rainy,Yes,2025,Qtr 2,May,11,200,38,0.05405,4.394308943,84.55284553,38,246,25,208,31,10.81
R003,Ocean Treat,North Indian,Hyderabad,Paneer Butter Masala,No,Rainy,Yes,2025,Qtr 3,July,12,28,39,0.355714286,9.76470588,61.76470588,39,102,20,63,29,9.96
R003,Ocean Treat,North Indian,Hyderabad,Paneer Butter Masala,No,Sunny,No,2025,Qtr 1,January,20,131,16,0.027328244,2.143712575,90.41916168,16,167,20,151,26,3.58
R003,Ocean Treat,North Indian,Hyderabad,Paneer Butter Masala,No,Sunny,No,2025,Qtr 1,January,30,44,34,0.145909091,5.095238095,73.01587302,34,126,10,92,32,6.42
R003,Ocean Treat,North Indian,Hyderabad,Paneer Butter Masala,No,Sunny,No,2025,Qtr 1,March,3,155,74,0.16116129,8.673611111,74.30555556,74,288,5,214,28,24.98
R003,Ocean Treat,North Indian,Hyderabad,Paneer Butter Masala,No,Sunny,No,2025,Qtr 1,March,24,96,56,0.1853125,11.04968944,65.2173913,56,161,0,105,28,17.79
R003,Ocean Treat,North Indian,Hyderabad,Paneer Butter Masala,No,Sunny,No,2025,Qtr 2,May,19,29,23,0.176206897,5.941860465,73.25581395,23,86,0,63,28,5.11
R003,Ocean Treat,North Indian,Hyderabad,Paneer Butter Masala,No,Sunny,No,2025,Qtr 2,May,30,93,24,0.063655914,2.71559633,88.99082569,24,218,20,194,36,5.92
R003,Ocean Treat,North Indian,Hyderabad,Paneer Butter Masala,No,Sunny,No,2025,Qtr 4,December,12,104,34,0.0975,5.794285714,80.57142857,34,175,25,141,34,10.14
R003,Ocean Treat,South Indian,Hyderabad,Dosa,No,Cloudy,No,2025,Qtr 1,February,14,89,12,0.026292135,2.412371134,87.62886598,12,97,15,85,39,2.34
R003,Ocean Treat,South Indian,Hyderabad,Dosa,No,Cloudy,Yes,2025,Qtr 3,September,13,218,12,0.018119266,1.446886447,95.6043956,12,273,15,261,30,3.95
R003,Ocean Treat,South Indian,Hyderabad,Dosa,No,Rainy,No,2025,Qtr 2,May,20,50,57,0.2482,7.521212121,65.45454545,57,165,0,108,26,12.41
R003,Ocean Treat,South Indian,Hyderabad,Dosa,No,Rainy,No,2025,Qtr 3,July,8,38,13,0.103157895,6.426229508,78.68852459,13,61,0,48,26,3.92
R003,Ocean Treat,South Indian,Hyderabad,Dosa,No,Rainy,No,2025,Qtr 3,September,29,26,62,0.466923077,11.03636364,43.63636364,62,110,5,48,23,12.14
R003,Ocean Treat,South Indian,Hyderabad,Dosa,No,Sunny,No,2025,Qtr 1,January,17,128,35,0.067578125,3.37890625,86.328125,35,256,20,221,30,8.65
R003,Ocean Treat,South Indian,Hyderabad,Dosa,No,Sunny,No,2025,Qtr 1,February,21,53,34,0.186226415,6.714285714,76.8707483,34,147,10,113,33,9.87
R003,Ocean Treat,South Indian,Hyderabad,Dosa,No,Sunny,No,2025,Qtr 2,June,11,44,0,0,0,100,0,54,25,54,40,0
R003,Ocean Treat,South Indian,Hyderabad,Dosa,No,Sunny,No,2025,Qtr 3,August,4,86,54,0.213953488,10,70.65217391,54,184,10,130,24,18.4
R003,Ocean Treat,South Indian,Hyderabad,Dosa,No,Sunny,No,2025,Qtr 3,August,18,101,39,0.121683168,5.995121951,80.97560976,39,205,15,166,37,12.29
R003,Ocean Treat,South Indian,Hyderabad,Dosa,No,Sunny,Yes,2025,Qtr 2,May,25,48,15,0.090208333,4.758241758,83.51648352,15,91,0,76,24,4.33
R003,Ocean Treat,South Indian,Hyderabad,Dosa,No,Sunny,Yes,2025,Qtr 2,June,1,102,8,0.014705882,1.388888889,92.59259259,8,108,20,100,31,1.5
R003,Ocean Treat,South Indian,Hyderabad,Dosa,No,Sunny,Yes,2025,Qtr 3,August,30,35,17,0.092571429,5.785714286,69.64285714,17,56,20,39,39,3.24
R003,Ocean Treat,South Indian,Hyderabad,Dosa,Yes,Sunny,Yes,2025,Qtr 2,June,29,54,5,0.02962963,2.077922078,93.50649351,5,77,0,72,36,1.6
R003,Ocean Treat,South Indian,Hyderabad,Dosa,Yes,Sunny,Yes,2025,Qtr 3,September,7,83,0,0,0,100,0,109,25,109,33,0
R003,Ocean Treat,South Indian,Hyderabad,Idli,No,Cloudy,No,2025,Qtr 2,May,8,83,75,0.311204819,11.84862385,65.59633028,75,218,0,143,27,25.83
R003,Ocean Treat,South Indian,Hyderabad,Idli,No,Rainy,No,2025,Qtr 1,March,17,131,26,0.067480916,4.42,87,26,200,20,174,26,8.84
R003,Ocean Treat,South Indian,Hyderabad,Idli,No,Rainy,No,2025,Qtr 2,April,9,129,99,0.140542636,6.166666667,66.32653061,99,294,20,195,40,18.13
R003,Ocean Treat,South Indian,Hyderabad,Idli,No,Rainy,No,2025,Qtr 2,May,9,37,32,0.235945946,8.643564356,68.31683168,32,101,25,69,36,8.73
R003,Ocean Treat,South Indian,Hyderabad,Idli,No,Rainy,Yes,2025,Qtr 2,June,7,100,49,0.1687,8.651282051,74.87179487,49,195,15,146,30,16.87
R003,Ocean Treat,South Indian,Hyderabad,Idli,No,Sunny,No,2025,Qtr 1,February,20,122,36,0.053114754,3.085714286,82.85714286,36,210,5,174,36,6.48
R003,Ocean Treat,South Indian,Hyderabad,Idli,No,Sunny,No,2025,Qtr 2,May,30,97,70,0.189381443,6.753676471,74.26470588,70,272,15,202,34,18.37
R003,Ocean Treat,South Indian,Hyderabad,Idli,No,Sunny,No,2025,Qtr 2,June,20,232,58,0.048189655,4.526315789,76.51821862,58,247,15,189,30,11.18
R003,Ocean Treat,South Indian,Hyderabad,Idli,No,Sunny,No,2025,Qtr 3,July,2,20,67,1.0475,19.76415094,36.79245283,67,106,0,39,30,20.95
R003,Ocean Treat,South Indian,Hyderabad,Idli,No,Sunny,No,2025,Qtr 4,December,5,28,32,0.297857143,10.83116883,58.44155844,32,77,0,45,22,8.34
R003,Ocean Treat,South Indian,Hyderabad,Idli,No,Sunny,No,2025,Qtr 4,December,9,32,0,0,0,100,0,53,25,53,26,0
R003,Ocean Treat,South Indian,Hyderabad,Idli,No,Sunny,Yes,2025,Qtr 3,August,23,128,44,0.065859375,4.033492823,78.94736842,44,209,5,165,25,8.43
R003,Ocean Treat,South Indian,Hyderabad,Idli,No,Sunny,Yes,2025,Qtr 4,December,6,165,37,0.071333333,4.633858268,85.43307087,37,254,15,217,29,11.77
R003,Ocean Treat,South Indian,Hyderabad,Idli,No,Sunny,Yes,2025,Qtr 4,December,13,49,24,0.108163265,6.235294118,71.76470588,24,85,5,61,25,5.3
R003,Ocean Treat,South Indian,Hyderabad,Meals,No,Cloudy,No,2025,Qtr 1,March,11,66,8,0.031969697,2.131313131,91.91919192,8,99,15,91,39,2.11
R003,Ocean Treat,South Indian,Hyderabad,Meals,No,Cloudy,No,2025,Qtr 3,September,12,200,41,0.0574,4.28358209,84.70149254,41,268,15,227,22,11.48
R003,Ocean Treat,South Indian,Hyderabad,Meals,No,Cloudy,No,2025,Qtr 3,September,17,90,4,0.012222222,0.666666667,97.57575758,4,165,25,161,23,1.1
R003,Ocean Treat,South Indian,Hyderabad,Meals,No,Cloudy,Yes,2025,Qtr 4,October,19,153,13,0.023594771,1.271126761,95.42253521,13,284,15,271,24,3.61
R003,Ocean Treat,South Indian,Hyderabad,Meals,No,Rainy,No,2025,Qtr 2,May,5,18,17,0.21,7.269230769,67.30769231,17,52,15,35,40,3.78
R003,Ocean Treat,South Indian,Hyderabad,Meals,No,Sunny,No,2025,Qtr 2,April,2,37,28,0.238378378,11.45454545,63.63636364,28,77,5,49,38,8.82
R003,Ocean Treat,South Indian,Hyderabad,Meals,No,Sunny,No,2025,Qtr 3,September,8,62,67,0.265967742,8.678947368,64.73684211,67,190,15,123,26,16.49
R003,Ocean Treat,South Indian,Hyderabad,Meals,No,Sunny,Yes,2025,Qtr 1,March,1,88,24,0.078863636,5.421875,81.25,24,128,25,104,37,6.94
R003,Ocean Treat,South Indian,Hyderabad,Meals,No,Sunny,Yes,2025,Qtr 4,November,16,190,8,0.008315789,0.699115044,96.46017699,8,226,20,218,24,1.58
R003,Ocean Treat,South Indian,Hyderabad,Pongal,No,Cloudy,No,2025,Qtr 4,December,29,118,76,0.147372881,6.983935743,69.47791165,76,249,5,173,35,17.39
R003,Ocean Treat,South Indian,Hyderabad,Pongal,No,Cloudy,Yes,2025,Qtr 2,June,7,68,28,0.103088235,3.938202247,84.26966292,28,178,25,150,25,7.01
R003,Ocean Treat,South Indian,Hyderabad,Pongal,No,Rainy,No,2025,Qtr 1,February,20,87,18,0.05908046,5.14,82,18,100,10,82,37,5.14
R003,Ocean Treat,South Indian,Hyderabad,Pongal,No,Rainy,No,2025,Qtr 3,August,11,31,37,0.385483871,13.27777778,58.88888889,37,90,5,53,30,11.95
R003,Ocean Treat,South Indian,Hyderabad,Pongal,No,Rainy,Yes,2025,Qtr 3,September,6,61,0,0,0,100,0,71,10,71,24,0
R003,Ocean Treat,South Indian,Hyderabad,Pongal,No,Sunny,No,2025,Qtr 1,January,22,75,14,0.040933333,2.006535948,90.8496732,14,153,25,139,38,3.07
R003,Ocean Treat,South Indian,Hyderabad,Pongal,No,Sunny,No,2025,Qtr 2,April,7,61,37,0.112295082,4.308176101,76.72955975,37,159,15,122,35,6.85
R003,Ocean Treat,South Indian,Hyderabad,Pongal,No,Sunny,No,2025,Qtr 3,July,8,85,50,0.166470588,6.835748792,75.84541063,50,207,15,157,26,14.15
R003,Ocean Treat,South Indian,Hyderabad,Pongal,No,Sunny,No,2025,Qtr 3,September,9,183,23,0.027322404,1.984126984,90.87301587,23,252,25,229,33,5
R003,Ocean Treat,South Indian,Hyderabad,Pongal,No,Sunny,No,2025,Qtr 4,November,28,139,40,0.065899281,5.871794872,74.35897436,40,156,25,116,25,9.16
R003,Ocean Treat,South Indian,Hyderabad,Pongal,No,Sunny,Yes,2025,Qtr 2,May,25,146,33,0.044452055,2.2,88.81355932,33,295,15,262,28,6.49
R003,Ocean Treat,South Indian,Hyderabad,Pongal,No,Sunny,Yes,2025,Qtr 4,December,14,54,13,0.066666667,3.185840708,88.49557522,13,113,15,100,25,3.6
R003,Ocean Treat,South Indian,Hyderabad,Pongal,Yes,Cloudy,No,2025,Qtr 4,October,14,150,10,0.0214,1.793296089,94.41340782,10,179,20,169,33,3.21
R003,Ocean Treat,South Indian,Hyderabad,Pongal,Yes,Rainy,No,2025,Qtr 3,August,25,109,64,0.164954128,10.8969697,61.21212121,64,165,0,101,33,17.98
R004,Food Hub,Chinese,Coimbatore,Fried Rice,No,Cloudy,No,2025,Qtr 3,August,12,133,19,0.03112782,1.556390977,92.85714286,19,266,20,247,35,4.14
R004,Food Hub,Chinese,Coimbatore,Fried Rice,No,Sunny,No,2025,Qtr 2,June,3,31,29,0.32483871,16.50819672,52.45901639,29,61,10,32,25,10.07
R004,Food Hub,Chinese,Coimbatore,Fried Rice,No,Sunny,No,2025,Qtr 3,August,1,20,19,0.3065,9.73015873,69.84126984,19,63,0,44,33,6.13
R004,Food Hub,Chinese,Coimbatore,Fried Rice,No,Sunny,No,2025,Qtr 4,October,2,122,33,0.050491803,2.621276596,85.95744681,33,235,25,202,23,6.16
R004,Food Hub,Chinese,Coimbatore,Fried Rice,No,Sunny,No,2025,Qtr 4,December,23,93,32,0.102365591,5.6,81.17647059,32,170,15,138,32,9.52
R004,Food Hub,Chinese,Coimbatore,Fried Rice,No,Sunny,No,2025,Qtr 4,December,25,50,28,0.1476,5.507462687,79.10447761,28,134,25,106,40,7.38
R004,Food Hub,Chinese,Coimbatore,Fried Rice,No,Sunny,Yes,2025,Qtr 2,June,21,115,38,0.062956522,2.613718412,86.28158845,38,277,25,239,26,7.24
R004,Food Hub,Chinese,Coimbatore,Fried Rice,Yes,Rainy,No,2025,Qtr 1,February,18,90,0,0,0,100,0,192,15,192,32,0
R004,Food Hub,Chinese,Coimbatore,Fried Rice,Yes,Rainy,Yes,2025,Qtr 1,January,18,37,4,0.036486486,1.985294118,94.11764706,4,68,0,64,30,1.35
R004,Food Hub,Chinese,Coimbatore,Fried Rice,Yes,Sunny,No,2025,Qtr 3,August,15,99,0,0,0,100,0,211,5,211,37,0
R004,Food Hub,Chinese,Coimbatore,Manchurian,No,Cloudy,No,2025,Qtr 1,January,2,59,36,0.12,4.290909091,78.18181818,36,165,25,129,26,7.08
R004,Food Hub,Chinese,Coimbatore,Manchurian,No,Cloudy,No,2025,Qtr 1,January,27,42,28,0.218333333,7.641666667,76.66666667,28,120,25,92,26,9.17
R004,Food Hub,Chinese,Coimbatore,Manchurian,No,Cloudy,No,2025,Qtr 1,February,5,108,73,0.203888889,8.501930502,71.81467181,73,259,5,186,35,22.02
R004,Food Hub,Chinese,Coimbatore,Manchurian,No,Cloudy,No,2025,Qtr 4,November,14,211,33,0.037582938,3.906403941,83.74384236,33,203,0,170,33,7.93
R004,Food Hub,Chinese,Coimbatore,Manchurian,No,Cloudy,Yes,2025,Qtr 2,June,28,121,17,0.035454545,2.383333333,90.55555556,17,180,25,163,33,4.29
R004,Food Hub,Chinese,Coimbatore,Manchurian,No,Rainy,Yes,2025,Qtr 1,March,9,90,110,0.229777778,7.41218638,60.5734767,110,279,5,169,27,20.68
R004,Food Hub,Chinese,Coimbatore,Manchurian,No,Rainy,Yes,2025,Qtr 3,September,14,43,33,0.20627907,6.9296875,74.21875,33,128,10,95,35,8.87
R004,Food Hub,Chinese,Coimbatore,Manchurian,No,Rainy,Yes,2025,Qtr 4,October,4,110,38,0.076909091,4.806818182,78.40909091,38,176,25,138,23,8.46
R004,Food Hub,Chinese,Coimbatore,Manchurian,No,Sunny,No,2025,Qtr 1,January,30,101,61,0.116732673,4.534615385,76.53846154,61,260,0,199,38,11.79
R004,Food Hub,Chinese,Coimbatore,Manchurian,No,Sunny,No,2025,Qtr 1,March,6,88,2,0.00625,0.733333333,97.33333333,2,75,25,73,39,0.55
R004,Food Hub,Chinese,Coimbatore,Manchurian,No,Sunny,No,2025,Qtr 3,July,25,102,65,0.208431373,8.240310078,74.80620155,65,258,10,193,23,21.26
R004,Food Hub,Chinese,Coimbatore,Manchurian,No,Sunny,No,2025,Qtr 3,July,29,47,6,0.031489362,1.873417722,92.40506329,6,79,15,73,23,1.48
R004,Food Hub,Chinese,Coimbatore,Manchurian,No,Sunny,No,2025,Qtr 3,August,20,117,48,0.083076923,3.471428571,82.85714286,48,280,25,232,34,9.72
R004,Food Hub,Chinese,Coimbatore,Manchurian,No,Sunny,No,2025,Qtr 3,September,3,49,21,0.119795918,5.644230769,79.80769231,21,104,20,83,39,5.87
R004,Food Hub,Chinese,Coimbatore,Manchurian,No,Sunny,No,2025,Qtr 4,December,3,146,51,0.112123288,5.93115942,81.52173913,51,276,20,225,26,16.37
R004,Food Hub,Chinese,Coimbatore,Manchurian,No,Sunny,No,2025,Qtr 4,December,31,144,44,0.102291667,5.845238095,82.53968254,44,252,5,208,27,14.73
R004,Food Hub,Chinese,Coimbatore,Manchurian,No,Sunny,Yes,2025,Qtr 1,March,29,123,33,0.092357724,3.972027972,88.46153846,33,286,10,253,36,11.36
R004,Food Hub,Chinese,Coimbatore,Manchurian,No,Sunny,Yes,2025,Qtr 2,April,19,116,18,0.029741379,1.733668342,90.95477387,18,199,25,181,31,3.45
R004,Food Hub,Chinese,Coimbatore,Manchurian,No,Sunny,Yes,2025,Qtr 3,August,2,94,16,0.055212766,3.37012987,89.61038961,16,154,20,138,34,5.19
R004,Food Hub,Chinese,Coimbatore,Manchurian,No,Sunny,Yes,2025,Qtr 3,September,7,147,0,0,0,100,0,273,25,273,24,0
R004,Food Hub,Chinese,Coimbatore,Manchurian,No,Sunny,Yes,2025,Qtr 4,October,25,114,31,0.061842105,3.507462687,84.57711443,31,201,25,170,34,7.05
R004,Food Hub,Chinese,Coimbatore,Noodles,No,Cloudy,No,2025,Qtr 1,March,17,37,32,0.219459459,9.78313253,61.44578313,32,83,0,51,37,8.12
R004,Food Hub,Chinese,Coimbatore,Noodles,No,Cloudy,No,2025,Qtr 2,May,19,64,25,0.11515625,6.245762712,78.81355932,25,118,15,93,30,7.37
R004,Food Hub,Chinese,Coimbatore,Noodles,No,Cloudy,No,2025,Qtr 3,September,16,62,11,0.051935484,3.462365591,88.17204301,11,93,15,82,33,3.22
R004,Food Hub,Chinese,Coimbatore,Noodles,No,Cloudy,No,2025,Qtr 3,September,23,62,55,0.234354839,8.648809524,67.26190476,55,168,15,113,33,14.53
R004,Food Hub,Chinese,Coimbatore,Noodles,No,Cloudy,No,2025,Qtr 4,December,22,33,0,0,0,100,0,57,25,57,27,0
R004,Food Hub,Chinese,Coimbatore,Noodles,No,Cloudy,Yes,2025,Qtr 1,February,1,132,22,0.048257576,3.317708333,88.54166667,22,192,15,170,27,6.37
R004,Food Hub,Chinese,Coimbatore,Noodles,No,Cloudy,Yes,2025,Qtr 3,August,23,28,0,0,0,100,0,53,20,53,31,0
R004,Food Hub,Chinese,Coimbatore,Noodles,No,Rainy,Yes,2025,Qtr 4,November,23,193,98,0.093678756,6.277777778,65.97222222,98,288,0,190,26,18.08
R004,Food Hub,Chinese,Coimbatore,Noodles,No,Sunny,No,2025,Qtr 2,May,14,42,53,0.306666667,9.070422535,62.67605634,53,142,25,89,37,12.88
R004,Food Hub,Chinese,Coimbatore,Noodles,No,Sunny,No,2025,Qtr 3,July,14,56,38,0.208571429,9.65289256,68.59504132,38,121,0,83,35,11.68
R004,Food Hub,Chinese,Coimbatore,Noodles,No,Sunny,No,2025,Qtr 3,July,24,72,28,0.101388889,4.679487179,82.05128205,28,156,25,128,32,7.3
R004,Food Hub,Chinese,Coimbatore,Noodles,No,Sunny,No,2025,Qtr 3,July,31,277,58,0.058231047,5.620209059,79.79094077,58,287,25,229,38,16.13
R004,Food Hub,Chinese,Coimbatore,Noodles,No,Sunny,No,2025,Qtr 3,August,26,82,75,0.177926829,5.906882591,69.63562753,75,247,0,172,38,14.59
R004,Food Hub,Chinese,Coimbatore,Noodles,No,Sunny,No,2025,Qtr 3,September,22,102,51,0.096078431,5.939393939,69.09090909,51,165,0,114,29,9.8
R004,Food Hub,Chinese,Coimbatore,Noodles,No,Sunny,No,2025,Qtr 4,December,23,48,41,0.284791667,10.936,67.2,41,125,15,84,28,13.67
R004,Food Hub,Chinese,Coimbatore,Noodles,No,Sunny,Yes,2025,Qtr 3,July,5,180,37,0.045777778,3.419087137,84.6473029,37,241,5,204,36,8.24
R004,Food Hub,Chinese,Coimbatore,Noodles,Yes,Sunny,No,2025,Qtr 3,July,1,83,0,0,0,100,0,77,0,77,27,0
R004,Food Hub,Italian,Coimbatore,Pasta,No,Cloudy,No,2025,Qtr 1,February,20,133,66,0.146616541,7.014388489,76.25899281,66,278,5,212,31,19.5
R004,Food Hub,Italian,Coimbatore,Pasta,No,Cloudy,No,2025,Qtr 1,March,7,77,53,0.195064935,9.88157895,65.13157895,53,152,0,99,29,15.02
R004,Food Hub,Italian,Coimbatore,Pasta,No,Cloudy,No,2025,Qtr 4,December,4,78,53,0.215384615,7.433628319,76.54867257,53,226,0,173,31,16.8
R004,Food Hub,Italian,Coimbatore,Pasta,No,Cloudy,Yes,2025,Qtr 4,October,11,122,44,0.11204918,5.062962963,83.7037037,44,270,20,226,25,13.67
R004,Food Hub,Italian,Coimbatore,Pasta,No,Rainy,No,2025,Qtr 2,June,20,151,57,0.07218543,4.678111588,75.53648069,57,233,25,176,25,10.9
R004,Food Hub,Italian,Coimbatore,Pasta,No,Rainy,No,2025,Qtr 3,August,19,27,1,0.007407407,0.357142857,98.21428571,1,56,5,55,40,0.2
R004,Food Hub,Italian,Coimbatore,Pasta,No,Sunny,No,2025,Qtr 1,February,10,64,1,0.003125,0.196078431,99.01960784,1,102,25,101,38,0.2
R004,Food Hub,Italian,Coimbatore,Pasta,No,Sunny,No,2025,Qtr 1,March,21,167,25,0.029041916,1.872586873,90.34749035,25,259,15,234,37,4.85
R004,Food Hub,Italian,Coimbatore,Pasta,No,Sunny,No,2025,Qtr 2,June,23,202,61,0.058613861,3.959866221,79.59866221,61,299,20,238,37,11.84
R004,Food Hub,Italian,Coimbatore,Pasta,No,Sunny,No,2025,Qtr 3,July,3,131,31,0.07648855,4.040322581,87.5,31,248,25,217,39,10.02
R004,Food Hub,Italian,Coimbatore,Pasta,No,Sunny,No,2025,Qtr 3,August,15,27,16,0.127407407,4.914285714,77.14285714,16,70,20,54,22,3.44
R004,Food Hub,Italian,Coimbatore,Pasta,No,Sunny,No,2025,Qtr 3,September,1,58,4,0.019655172,0.966101695,96.61016949,4,118,15,114,35,1.14
R004,Food Hub,Italian,Coimbatore,Pasta,No,Sunny,No,2025,Qtr 4,October,29,150,81,0.167533333,9.85490196,68.23529412,81,255,5,174,40,25.13
R004,Food Hub,Italian,Coimbatore,Pasta,No,Sunny,No,2025,Qtr 4,November,20,120,100,0.240833333,13.31797235,53.91705069,100,217,0,117,22,28.9
R004,Food Hub,Italian,Coimbatore,Pasta,No,Sunny,No,2025,Qtr 4,December,5,16,31,0.665,18.66666667,45.61403509,31,57,25,26,39,10.64
R004,Food Hub,Italian,Coimbatore,Pasta,No,Sunny,Yes,2025,Qtr 1,January,19,214,33,0.037383178,3.305785124,86.36363636,33,242,0,209,31,8
R004,Food Hub,Italian,Coimbatore,Pasta,No,Sunny,Yes,2025,Qtr 3,September,20,94,55,0.147340426,6.890547264,72.63681592,55,201,0,146,37,13.85
R004,Food Hub,Italian,Coimbatore,Pasta,No,Sunny,Yes,2025,Qtr 4,November,29,269,0,0,0,100,0,276,25,276,25,0
R004,Food Hub,Italian,Coimbatore,Pasta,Yes,Sunny,No,2025,Qtr 3,July,30,78,5,0.020128205,0.93452381,97.02380952,5,168,15,163,39,1.57
R004,Food Hub,Italian,Coimbatore,Pizza,No,Cloudy,No,2025,Qtr 1,January,21,97,35,0.103608247,5.552486188,80.66298343,35,181,25,146,36,10.05
R004,Food Hub,Italian,Coimbatore,Pizza,No,Cloudy,No,2025,Qtr 1,March,12,90,22,0.063444444,3.10326087,88.04347826,22,184,25,162,32,5.71
R004,Food Hub,Italian,Coimbatore,Pizza,No,Cloudy,No,2025,Qtr 2,May,7,115,40,0.06626087,3.401785714,82.14285714,40,224,20,184,24,7.62
R004,Food Hub,Italian,Coimbatore,Pizza,No,Cloudy,No,2025,Qtr 3,September,25,95,66,0.211368421,10.85405405,64.32432432,66,185,10,119,37,20.08
R004,Food Hub,Italian,Coimbatore,Pizza,No,Cloudy,Yes,2025,Qtr 2,May,31,94,16,0.03787234,3.632653061,83.67346939,16,98,15,82,30,3.56
R004,Food Hub,Italian,Coimbatore,Pizza,No,Cloudy,Yes,2025,Qtr 3,July,5,54,17,0.063148148,4.546666667,77.33333333,17,75,25,58,33,3.41
R004,Food Hub,Italian,Coimbatore,Pizza,No,Rainy,No,2025,Qtr 1,February,13,46,37,0.227391304,10.89583333,61.45833333,37,96,5,59,34,10.46
R004,Food Hub,Italian,Coimbatore,Pizza,No,Rainy,No,2025,Qtr 2,May,14,55,19,0.084363636,4.936170213,79.78723404,19,94,5,75,32,4.64
R004,Food Hub,Italian,Coimbatore,Pizza,No,Rainy,No,2025,Qtr 4,November,7,114,68,0.137719298,5.647482014,75.53956835,68,278,10,210,32,15.7
R004,Food Hub,Italian,Coimbatore,Pizza,No,Rainy,No,2025,Qtr 4,December,15,61,82,0.404918033,12.4120603,58.79396985,82,199,10,117,24,24.7
R004,Food Hub,Italian,Coimbatore,Pizza,No,Rainy,Yes,2025,Qtr 3,August,3,131,41,0.086717557,4.96069869,82.09606987,41,229,10,188,33,11.36
R004,Food Hub,Italian,Coimbatore,Pizza,No,Sunny,No,2025,Qtr 1,January,28,197,68,0.083401015,6.443137255,73.33333333,68,255,0,187,35,16.43
R004,Food Hub,Italian,Coimbatore,Pizza,No,Sunny,No,2025,Qtr 1,February,13,31,8,0.084516129,4.09375,87.5,8,64,0,56,25,2.62
R004,Food Hub,Italian,Coimbatore,Pizza,No,Sunny,No,2025,Qtr 2,April,21,124,18,0.039354839,2.452261307,90.95477387,18,199,20,181,23,4.88
R004,Food Hub,Italian,Coimbatore,Pizza,No,Sunny,No,2025,Qtr 2,April,25,156,23,0.037371795,2.512931034,90.0862069,23,232,15,209,30,5.83
R004,Food Hub,Italian,Coimbatore,Pizza,No,Sunny,No,2025,Qtr 3,July,2,138,84,0.196014493,9.90842491,69.23076923,84,273,25,189,25,27.05
R004,Food Hub,Italian,Coimbatore,Pizza,No,Sunny,No,2025,Qtr 3,August,19,133,81,0.208796992,9.84751773,71.27659574,81,282,15,201,28,27.77
R004,Food Hub,Italian,Coimbatore,Pizza,No,Sunny,No,2025,Qtr 4,November,6,194,39,0.041082474,4.045685279,80.20304569,39,197,25,158,40,7.97
R004,Food Hub,Italian,Coimbatore,Pizza,No,Sunny,No,2025,Qtr 4,November,11,110,72,0.207818182,8.282608696,73.91304348,72,276,0,204,40,22.86
R004,Food Hub,Italian,Coimbatore,Pizza,No,Sunny,No,2025,Qtr 4,December,5,117,25,0.068205128,4.925925926,84.56790123,25,162,25,137,27,7.98
R004,Food Hub,Italian,Coimbatore,Pizza,No,Sunny,Yes,2025,Qtr 1,March,15,97,31,0.08628866,4.675977654,82.68156425,31,179,25,148,36,8.37
R004,Food Hub,Italian,Coimbatore,Pizza,Yes,Cloudy,No,2025,Qtr 2,May,29,170,29,0.049294118,3.058394161,89.41605839,29,274,0,245,31,8.38
R004,Food Hub,Italian,Coimbatore,Pizza,Yes,Cloudy,No,2025,Qtr 3,September,1,74,2,0.005405405,0.317460317,98.41269841,2,126,20,124,23,0.4
R004,Food Hub,Italian,Coimbatore,Pizza,Yes,Sunny,No,2025,Qtr 1,January,28,127,23,0.038976378,3.485915493,83.8028169,23,142,25,119,24,4.95
R004,Food Hub,Italian,Coimbatore,Pizza,Yes,Sunny,No,2025,Qtr 1,February,12,87,28,0.088850575,3.984536082,85.56701031,28,194,10,166,29,7.73
R004,Food Hub,Italian,Coimbatore,Pizza,Yes,Sunny,Yes,2025,Qtr 4,October,4,60,0,0,0,100,0,107,20,107,37,0
R004,Food Hub,Italian,Coimbatore,Pizza,Yes,Sunny,Yes,2025,Qtr 4,November,22,77,4,0.013636364,1.141304348,95.65217391,4,92,10,88,24,1.05
R004,Food Hub,North Indian,Coimbatore,Biryani,No,Cloudy,No,2025,Qtr 1,January,17,56,26,0.143035714,5.846715328,81.02189781,26,137,5,111,26,8.01
R004,Food Hub,North Indian,Coimbatore,Biryani,No,Rainy,No,2025,Qtr 3,September,1,121,76,0.183966942,10.35348837,64.65116279,76,215,0,139,36,22.26
R004,Food Hub,North Indian,Coimbatore,Biryani,No,Rainy,No,2025,Qtr 3,September,11,141,46,0.089503546,5.981042654,78.19905213,46,211,15,165,28,12.62
R004,Food Hub,North Indian,Coimbatore,Biryani,No,Rainy,Yes,2025,Qtr 1,March,9,238,57,0.070168067,6.072727273,79.27272727,57,275,10,218,27,16.7
R004,Food Hub,North Indian,Coimbatore,Biryani,No,Sunny,No,2025,Qtr 2,April,4,95,71,0.182736842,7.387234043,69.78723404,71,235,0,164,38,17.36
R004,Food Hub,North Indian,Coimbatore,Biryani,No,Sunny,No,2025,Qtr 2,May,5,42,5,0.02452381,1.775862069,91.37931034,5,58,15,53,25,1.03
R004,Food Hub,North Indian,Coimbatore,Biryani,No,Sunny,No,2025,Qtr 2,May,29,117,41,0.075982906,4.253588517,80.38277512,41,209,10,168,27,8.89
R004,Food Hub,North Indian,Coimbatore,Biryani,No,Sunny,No,2025,Qtr 3,July,28,49,23,0.148571429,5.870967742,81.4516129,23,124,0,101,35,7.28
R004,Food Hub,North Indian,Coimbatore,Biryani,No,Sunny,No,2025,Qtr 4,October,14,105,42,0.130666667,5.216730038,84.03041825,42,263,25,221,33,13.72
R004,Food Hub,North Indian,Coimbatore,Biryani,No,Sunny,No,2025,Qtr 4,October,29,72,29,0.111111111,6.611570248,76.03305785,29,121,15,92,25,8
R004,Food Hub,North Indian,Coimbatore,Biryani,No,Sunny,No,2025,Qtr 4,November,3,30,7,0.072,3,90.27777778,7,72,20,65,31,2.16
R004,Food Hub,North Indian,Coimbatore,Biryani,No,Sunny,Yes,2025,Qtr 1,March,2,157,26,0.039363057,2.564315353,89.21161826,26,241,20,215,27,6.18
R004,Food Hub,North Indian,Coimbatore,Biryani,No,Sunny,Yes,2025,Qtr 2,April,6,77,28,0.09974026,4.063492063,85.18518519,28,189,20,161,36,7.68
R004,Food Hub,North Indian,Coimbatore,Biryani,Yes,Cloudy,No,2025,Qtr 4,November,10,69,0,0,0,100,0,63,15,63,27,0
R004,Food Hub,North Indian,Coimbatore,Biryani,Yes,Cloudy,Yes,2025,Qtr 4,October,4,184,2,0.003695652,0.260536398,99.23371648,2,261,10,259,35,0.68
R004,Food Hub,North Indian,Coimbatore,Biryani,Yes,Rainy,No,2025,Qtr 4,December,24,163,25,0.048159509,3.552036199,88.68778281,25,221,20,196,40,7.85
R004,Food Hub,North Indian,Coimbatore,Naan,No,Cloudy,No,2025,Qtr 1,February,13,37,0,0,0,100,0,59,25,59,34,0
R004,Food Hub,North Indian,Coimbatore,Naan,No,Cloudy,No,2025,Qtr 2,April,3,128,65,0.109453125,5.626506024,73.89558233,65,249,5,184,32,14.01
R004,Food Hub,North Indian,Coimbatore,Naan,No,Cloudy,No,2025,Qtr 2,May,23,164,66,0.10902439,6.747169811,75.09433962,66,265,5,199,22,17.88
R004,Food Hub,North Indian,Coimbatore,Naan,No,Cloudy,No,2025,Qtr 4,October,10,38,14,0.092368421,4.034482759,83.90804598,14,87,5,73,38,3.51
R004,Food Hub,North Indian,Coimbatore,Naan,No,Cloudy,No,2025,Qtr 4,December,5,79,53,0.229367089,10.23728814,70.05649718,53,177,20,124,30,18.12
R004,Food Hub,North Indian,Coimbatore,Naan,No,Cloudy,Yes,2025,Qtr 4,December,14,73,26,0.084931507,4.460431655,81.29496403,26,139,10,113,34,6.2
R004,Food Hub,North Indian,Coimbatore,Naan,No,Rainy,No,2025,Qtr 1,January,30,122,46,0.071967213,4.434343434,76.76767677,46,198,20,152,30,8.78
R004,Food Hub,North Indian,Coimbatore,Naan,No,Rainy,No,2025,Qtr 1,February,10,105,32,0.093333333,6.202531646,79.74683544,32,158,20,126,38,9.8
R004,Food Hub,North Indian,Coimbatore,Naan,No,Rainy,No,2025,Qtr 4,December,8,79,65,0.264303797,11.28648649,64.86486486,65,185,15,120,32,20.88
R004,Food Hub,North Indian,Coimbatore,Naan,No,Rainy,No,2025,Qtr 4,December,31,49,58,0.347346939,11.42281879,61.0738255,58,149,5,91,33,17.02
R004,Food Hub,North Indian,Coimbatore,Naan,No,Rainy,Yes,2025,Qtr 3,September,28,106,85,0.241509434,9.377289377,68.86446886,85,273,25,188,28,25.6
R004,Food Hub,North Indian,Coimbatore,Naan,No,Sunny,No,2025,Qtr 1,March,13,60,29,0.135,7.168141593,74.33628319,29,113,20,84,39,8.1
R004,Food Hub,North Indian,Coimbatore,Naan,No,Sunny,No,2025,Qtr 2,April,29,191,33,0.056439791,4.56779661,86.01694915,33,236,15,203,33,10.78
R004,Food Hub,North Indian,Coimbatore,Naan,No,Sunny,No,2025,Qtr 3,July,15,73,27,0.076027397,3.854166667,81.25,27,144,15,117,23,5.55
R004,Food Hub,North Indian,Coimbatore,Naan,No,Sunny,No,2025,Qtr 3,September,10,124,43,0.075725806,3.414545455,84.36363636,43,275,15,232,39,9.39
R004,Food Hub,North Indian,Coimbatore,Naan,No,Sunny,Yes,2025,Qtr 1,February,9,55,9,0.038727273,1.936363636,91.81818182,9,110,0,101,32,2.13
R004,Food Hub,North Indian,Coimbatore,Naan,No,Sunny,Yes,2025,Qtr 2,June,28,97,18,0.04371134,2.078431373,91.17647059,18,204,25,186,38,4.24
R004,Food Hub,North Indian,Coimbatore,Naan,No,Sunny,Yes,2025,Qtr 4,November,22,114,41,0.103508772,4.3866171,84.75836431,41,269,10,228,31,11.8
R004,Food Hub,North Indian,Coimbatore,Naan,Yes,Cloudy,No,2025,Qtr 3,August,12,86,18,0.06755814,3.33908046,89.65517241,18,174,15,156,32,5.81
R004,Food Hub,North Indian,Coimbatore,Naan,Yes,Sunny,No,2025,Qtr 1,January,10,51,15,0.053333333,3.090909091,82.95454545,15,88,0,73,39,2.72
R004,Food Hub,North Indian,Coimbatore,Paneer Butter Masala,No,Cloudy,No,2025,Qtr 1,February,21,39,0,0,0,100,0,85,10,85,40,0
R004,Food Hub,North Indian,Coimbatore,Paneer Butter Masala,No,Cloudy,No,2025,Qtr 2,June,2,38,3,0.027631579,2.019230769,94.23076923,3,52,0,49,40,1.05
R004,Food Hub,North Indian,Coimbatore,Paneer Butter Masala,No,Cloudy,No,2025,Qtr 3,August,29,128,52,0.123046875,6.5625,78.33333333,52,240,10,188,38,15.75
R004,Food Hub,North Indian,Coimbatore,Paneer Butter Masala,No,Cloudy,No,2025,Qtr 3,September,19,82,2,0.004878049,0.350877193,98.24561404,2,114,25,112,31,0.4
R004,Food Hub,North Indian,Coimbatore,Paneer Butter Masala,No,Cloudy,No,2025,Qtr 4,November,6,28,28,0.324642857,10.69411765,67.05882353,28,85,10,57,23,9.09
R004,Food Hub,North Indian,Coimbatore,Paneer Butter Masala,No,Cloudy,Yes,2025,Qtr 1,March,2,143,60,0.104335664,4.973333333,80,60,300,5,240,32,14.92
R004,Food Hub,North Indian,Coimbatore,Paneer Butter Masala,No,Cloudy,Yes,2025,Qtr 1,March,9,108,38,0.09212963,3.964143426,84.86055777,38,251,10,213,33,9.95
R004,Food Hub,North Indian,Coimbatore,Paneer Butter Masala,No,Sunny,No,2025,Qtr 2,May,13,30,29,0.205,7.784810127,63.29113924,29,79,25,50,25,6.15
R004,Food Hub,North Indian,Coimbatore,Paneer Butter Masala,No,Sunny,Yes,2025,Qtr 2,April,19,149,45,0.10557047,6.14453125,82.421875,45,256,25,211,23,15.73
R004,Food Hub,North Indian,Coimbatore,Paneer Butter Masala,No,Sunny,Yes,2025,Qtr 2,May,4,123,40,0.065203252,2.937728938,85.34798535,40,273,5,233,29,8.02
R004,Food Hub,North Indian,Coimbatore,Paneer Butter Masala,Yes,Sunny,No,2025,Qtr 2,June,19,51,9,0.053529412,3.37037037,88.88888889,9,81,20,72,36,2.73
R004,Food Hub,North Indian,Coimbatore,Paneer Butter Masala,Yes,Sunny,No,2025,Qtr 4,December,10,106,27,0.068867925,2.979591837,88.97959184,27,245,10,218,30,7.3
R004,Food Hub,South Indian,Coimbatore,Dosa,No,Cloudy,No,2025,Qtr 1,January,13,90,91,0.208,9.36,54.5,91,200,0,109,37,18.72
R004,Food Hub,South Indian,Coimbatore,Dosa,No,Cloudy,No,2025,Qtr 2,April,11,92,14,0.038586957,3.858695652,84.7826087,14,92,0,78,24,3.55
R004,Food Hub,South Indian,Coimbatore,Dosa,No,Cloudy,No,2025,Qtr 2,May,16,129,70,0.147906977,7.601593625,72.11155378,70,251,5,181,40,19.08
R004,Food Hub,South Indian,Coimbatore,Dosa,No,Cloudy,No,2025,Qtr 4,December,1,247,55,0.060526316,5.599250936,79.40074906,55,267,25,212,22,14.95
R004,Food Hub,South Indian,Coimbatore,Dosa,No,Cloudy,Yes,2025,Qtr 1,March,16,44,0,0,0,100,0,54,15,54,40,0
R004,Food Hub,South Indian,Coimbatore,Dosa,No,Cloudy,Yes,2025,Qtr 3,July,6,73,20,0.091780822,3.988095238,88.0952381,20,168,10,148,26,6.7
R004,Food Hub,South Indian,Coimbatore,Dosa,No,Rainy,Yes,2025,Qtr 1,January,18,129,66,0.138139535,6.775665399,74.90494297,66,263,5,197,27,17.82
R004,Food Hub,South Indian,Coimbatore,Dosa,No,Sunny,No,2025,Qtr 1,January,7,113,76,0.214159292,10.95022624,65.61085973,76,221,0,145,34,24.2
R004,Food Hub,South Indian,Coimbatore,Dosa,No,Sunny,No,2025,Qtr 1,March,18,21,25,0.302380952,10.07936508,60.31746032,25,63,5,38,23,6.35
R004,Food Hub,South Indian,Coimbatore,Dosa,No,Sunny,No,2025,Qtr 3,July,16,29,12,0.084137931,3.388888889,83.33333333,12,72,10,60,25,2.44
R004,Food Hub,South Indian,Coimbatore,Dosa,No,Sunny,No,2025,Qtr 4,October,31,41,23,0.167073171,6.401869159,78.5046729,23,107,25,84,36,6.85
R004,Food Hub,South Indian,Coimbatore,Dosa,No,Sunny,No,2025,Qtr 4,November,25,149,42,0.056778523,3.971830986,80.28169014,42,213,10,171,22,8.46
R004,Food Hub,South Indian,Coimbatore,Dosa,No,Sunny,No,2025,Qtr 4,November,28,49,51,0.230816327,7.909090909,64.33566434,51,143,5,92,26,11.31
R004,Food Hub,South Indian,Coimbatore,Dosa,No,Sunny,Yes,2025,Qtr 3,September,13,158,13,0.02778481,1.968609865,94.17040359,13,223,25,210,32,4.39
R004,Food Hub,South Indian,Coimbatore,Dosa,Yes,Sunny,No,2025,Qtr 2,May,28,39,45,0.321025641,10.7008547,61.53846154,45,117,5,72,40,12.52
R004,Food Hub,South Indian,Coimbatore,Idli,No,Cloudy,No,2025,Qtr 3,September,19,179,48,0.051173184,4.182648402,78.08219178,48,219,20,171,33,9.16
R004,Food Hub,South Indian,Coimbatore,Idli,No,Cloudy,Yes,2025,Qtr 2,May,18,116,30,0.065948276,3.084677419,87.90322581,30,248,0,218,33,7.65
R004,Food Hub,South Indian,Coimbatore,Idli,No,Cloudy,Yes,2025,Qtr 3,July,19,110,18,0.050818182,2.473451327,92.03539823,18,226,0,208,23,5.59
R004,Food Hub,South Indian,Coimbatore,Idli,No,Cloudy,Yes,2025,Qtr 3,August,2,129,24,0.044263566,2.083941606,91.24087591,24,274,15,250,32,5.71
R004,Food Hub,South Indian,Coimbatore,Idli,No,Cloudy,Yes,2025,Qtr 4,November,29,67,0,0,0,100,0,132,10,132,38,0
R004,Food Hub,South Indian,Coimbatore,Idli,No,Rainy,No,2025,Qtr 2,April,29,92,74,0.228043478,7.601449275,73.1884058,74,276,5,202,26,20.98
R004,Food Hub,South Indian,Coimbatore,Idli,No,Rainy,No,2025,Qtr 2,June,27,31,0,0,0,100,0,68,15,68,24,0
R004,Food Hub,South Indian,Coimbatore,Idli,No,Rainy,Yes,2025,Qtr 1,March,29,99,51,0.177979798,8.119815668,76.49769585,51,217,25,166,34,17.62
R004,Food Hub,South Indian,Coimbatore,Idli,No,Sunny,No,2025,Qtr 1,January,7,171,43,0.085380117,5.959183673,82.44897959,43,245,0,202,23,14.6
R004,Food Hub,South Indian,Coimbatore,Idli,No,Sunny,No,2025,Qtr 1,January,13,40,59,0.43675,11.88435374,59.86394558,59,147,5,88,23,17.47
R004,Food Hub,South Indian,Coimbatore,Idli,No,Sunny,No,2025,Qtr 1,March,7,194,80,0.112113402,8.7,68,80,250,5,170,25,21.75
R004,Food Hub,South Indian,Coimbatore,Idli,No,Sunny,No,2025,Qtr 2,May,9,155,39,0.048193548,4.268571429,77.71428571,39,175,25,136,26,7.47
R004,Food Hub,South Indian,Coimbatore,Idli,No,Sunny,Yes,2025,Qtr 1,February,9,48,20,0.138541667,5.833333333,82.45614035,20,114,25,94,28,6.65
R004,Food Hub,South Indian,Coimbatore,Idli,No,Sunny,Yes,2025,Qtr 2,May,31,12,29,0.500833333,10.92727273,47.27272727,29,55,5,26,25,6.01
R004,Food Hub,South Indian,Coimbatore,Idli,No,Sunny,Yes,2025,Qtr 2,June,14,124,39,0.088548387,5.356097561,80.97560976,39,205,25,166,26,10.98
R004,Food Hub,South Indian,Coimbatore,Meals,No,Cloudy,No,2025,Qtr 1,February,10,195,16,0.024,2.45026178,91.62303665,16,191,25,175,33,4.68
R004,Food Hub,South Indian,Coimbatore,Meals,No,Cloudy,No,2025,Qtr 4,November,3,96,38,0.07375,4.11627907,77.90697674,38,172,25,134,39,7.08
R004,Food Hub,South Indian,Coimbatore,Meals,No,Cloudy,Yes,2025,Qtr 3,September,14,40,13,0.064,2.876404494,85.39325843,13,89,20,76,37,2.56
R004,Food Hub,South Indian,Coimbatore,Meals,No,Rainy,No,2025,Qtr 1,January,28,176,100,0.168011364,10.91143911,63.099631,100,271,0,171,40,29.57
R004,Food Hub,South Indian,Coimbatore,Meals,No,Rainy,No,2025,Qtr 3,September,3,61,59,0.220327869,10.83870968,52.41935484,59,124,5,65,24,13.44
R004,Food Hub,South Indian,Coimbatore,Meals,No,Rainy,No,2025,Qtr 4,October,24,47,22,0.151702128,8.802469136,72.83950617,22,81,15,59,23,7.13
R004,Food Hub,South Indian,Coimbatore,Meals,No,Rainy,No,2025,Qtr 4,December,16,117,59,0.143846154,10.58490566,62.89308176,59,159,10,100,28,16.83
R004,Food Hub,South Indian,Coimbatore,Meals,No,Rainy,Yes,2025,Qtr 3,August,3,121,65,0.100826446,6.630434783,64.67391304,65,184,5,119,38,12.2
R004,Food Hub,South Indian,Coimbatore,Meals,No,Sunny,No,2025,Qtr 3,July,2,210,35,0.054619048,4.965367965,84.84848485,35,231,25,196,36,11.47
R004,Food Hub,South Indian,Coimbatore,Meals,No,Sunny,No,2025,Qtr 4,October,23,48,12,0.085,4.163265306,87.75510204,12,98,20,86,35,4.08
R004,Food Hub,South Indian,Coimbatore,Meals,No,Sunny,No,2025,Qtr 4,November,5,132,71,0.162424242,8.246153846,72.69230769,71,260,0,189,31,21.44
R004,Food Hub,South Indian,Coimbatore,Meals,No,Sunny,No,2025,Qtr 4,November,21,53,24,0.141886792,6.899082569,77.98165138,24,109,20,85,22,7.52
R004,Food Hub,South Indian,Coimbatore,Meals,No,Sunny,Yes,2025,Qtr 2,May,11,80,12,0.046875,3.947368421,87.36842105,12,95,5,83,34,3.75
R004,Food Hub,South Indian,Coimbatore,Meals,No,Sunny,Yes,2025,Qtr 3,August,2,173,46,0.07699422,5.162790698,82.17054264,46,258,0,212,22,13.32
R004,Food Hub,South Indian,Coimbatore,Meals,Yes,Sunny,Yes,2025,Qtr 2,May,25,41,0,0,0,100,0,86,15,86,33,0
R004,Food Hub,South Indian,Coimbatore,Pongal,No,Cloudy,No,2025,Qtr 2,May,9,259,81,0.077335907,6.883161512,72.16494845,81,291,5,210,37,20.03
R004,Food Hub,South Indian,Coimbatore,Pongal,No,Cloudy,No,2025,Qtr 2,June,4,41,52,0.435365854,13.52272727,60.60606061,52,132,15,80,27,17.85
R004,Food Hub,South Indian,Coimbatore,Pongal,No,Rainy,No,2025,Qtr 1,January,17,79,34,0.120759494,5.074468085,81.91489362,34,188,10,154,22,9.54
R004,Food Hub,South Indian,Coimbatore,Pongal,No,Rainy,No,2025,Qtr 4,November,24,67,17,0.061940299,5.763888889,76.38888889,17,72,5,55,32,4.15
R004,Food Hub,South Indian,Coimbatore,Pongal,No,Sunny,No,2025,Qtr 1,January,10,96,28,0.0775,3.629268293,86.34146341,28,205,25,177,36,7.44
R004,Food Hub,South Indian,Coimbatore,Pongal,No,Sunny,No,2025,Qtr 1,February,13,100,13,0.0314,1.754189944,92.73743017,13,179,15,166,23,3.14
R004,Food Hub,South Indian,Coimbatore,Pongal,No,Sunny,No,2025,Qtr 2,May,14,48,44,0.270416667,8.829931973,70.06802721,44,147,0,103,27,12.98
R004,Food Hub,South Indian,Coimbatore,Pongal,No,Sunny,No,2025,Qtr 3,July,29,35,49,0.271142857,9.88541667,48.95833333,49,96,15,47,35,9.49
R004,Food Hub,South Indian,Coimbatore,Pongal,No,Sunny,Yes,2025,Qtr 3,August,31,93,52,0.162580645,6.573913043,77.39130435,52,230,25,178,34,15.12
R004,Food Hub,South Indian,Coimbatore,Pongal,No,Sunny,Yes,2025,Qtr 3,September,20,186,50,0.069462366,5.451476793,78.90295359,50,237,0,187,30,12.92
R004,Food Hub,South Indian,Coimbatore,Pongal,Yes,Cloudy,No,2025,Qtr 1,February,26,37,16,0.127837838,5.314606742,82.02247191,16,89,5,73,23,4.73
R004,Food Hub,South Indian,Coimbatore,Pongal,Yes,Cloudy,No,2025,Qtr 4,November,17,48,18,0.082291667,6.076923077,72.30769231,18,65,0,47,26,3.95
R004,Food Hub,South Indian,Coimbatore,Pongal,Yes,Sunny,Yes,2025,Qtr 2,June,28,72,0,0,0,100,0,157,20,157,29,0
R005,Green Bowl,Chinese,Mumbai,Fried Rice,No,Cloudy,No,2025,Qtr 2,May,8,48,11,0.058541667,3.5125,86.25,11,80,20,69,35,2.81
R005,Green Bowl,Chinese,Mumbai,Fried Rice,No,Cloudy,Yes,2025,Qtr 1,March,1,192,27,0.044114583,3.091240876,90.1459854,27,274,10,247,27,8.47
R005,Green Bowl,Chinese,Mumbai,Fried Rice,No,Cloudy,Yes,2025,Qtr 2,May,25,137,31,0.046423358,2.706382979,86.80851064,31,235,25,204,40,6.36
R005,Green Bowl,Chinese,Mumbai,Fried Rice,No,Rainy,No,2025,Qtr 1,January,7,48,39,0.1675,9.458823529,54.11764706,39,85,15,46,33,8.04
R005,Green Bowl,Chinese,Mumbai,Fried Rice,No,Sunny,No,2025,Qtr 3,July,22,32,10,0.0903125,5.452830189,81.13207547,10,53,25,43,25,2.89
R005,Green Bowl,Chinese,Mumbai,Fried Rice,No,Sunny,No,2025,Qtr 3,August,27,95,52,0.183473684,8.032258065,76.03686636,52,217,10,165,24,17.43
R005,Green Bowl,Chinese,Mumbai,Fried Rice,No,Sunny,No,2025,Qtr 4,November,14,164,28,0.050182927,4.354497354,85.18518519,28,189,15,161,31,8.23
R005,Green Bowl,Chinese,Mumbai,Fried Rice,No,Sunny,No,2025,Qtr 4,December,24,133,20,0.045789474,4.613636364,84.84848485,20,132,20,112,40,6.09
R005,Green Bowl,Chinese,Mumbai,Fried Rice,No,Sunny,Yes,2025,Qtr 1,March,23,117,1,0.001709402,0.11299435,99.43502825,1,177,10,176,36,0.2
R005,Green Bowl,Chinese,Mumbai,Fried Rice,No,Sunny,Yes,2025,Qtr 3,July,13,268,18,0.012985075,1.328244275,93.12977099,18,262,25,244,26,3.48
R005,Green Bowl,Chinese,Mumbai,Fried Rice,Yes,Sunny,No,2025,Qtr 4,December,30,110,17,0.033727273,2.921259843,86.61417323,17,127,25,110,25,3.71
R005,Green Bowl,Chinese,Mumbai,Manchurian,No,Cloudy,No,2025,Qtr 2,April,30,108,101,0.289814815,10.46822742,66.22073579,101,299,10,198,29,31.3
R005,Green Bowl,Chinese,Mumbai,Manchurian,No,Cloudy,No,2025,Qtr 2,June,10,67,27,0.11761194,4.894409938,83.22981366,27,161,15,134,32,7.88
R005,Green Bowl,Chinese,Mumbai,Manchurian,No,Cloudy,No,2025,Qtr 3,July,1,78,54,0.157435897,5.506726457,75.78475336,54,223,5,169,30,12.28
R005,Green Bowl,Chinese,Mumbai,Manchurian,No,Rainy,No,2025,Qtr 1,March,4,102,28,0.054215686,3.567741935,81.93548387,28,155,25,127,35,5.53
R005,Green Bowl,Chinese,Mumbai,Manchurian,No,Rainy,No,2025,Qtr 4,October,3,148,73,0.160202703,9.56048387,70.56451613,73,248,20,175,35,23.71
R005,Green Bowl,Chinese,Mumbai,Manchurian,No,Rainy,Yes,2025,Qtr 4,November,15,54,12,0.060555556,2.919642857,89.28571429,12,112,5,100,40,3.27
R005,Green Bowl,Chinese,Mumbai,Manchurian,No,Sunny,No,2025,Qtr 1,February,17,52,33,0.143461538,5.144827586,77.24137931,33,145,15,112,27,7.46
R005,Green Bowl,Chinese,Mumbai,Manchurian,No,Sunny,No,2025,Qtr 2,April,18,134,35,0.075522388,4.113821138,85.77235772,35,246,25,211,22,10.12
R005,Green Bowl,Chinese,Mumbai,Manchurian,No,Sunny,No,2025,Qtr 2,April,24,32,42,0.3940625,11.56880734,61.46788991,42,109,15,67,33,12.61
R005,Green Bowl,Chinese,Mumbai,Manchurian,No,Sunny,No,2025,Qtr 2,May,19,103,24,0.073203883,3.67804878,88.29268293,24,205,15,181,23,7.54
R005,Green Bowl,Chinese,Mumbai,Manchurian,No,Sunny,No,2025,Qtr 2,June,11,34,22,0.181470588,7.011363636,75,22,88,10,66,37,6.17
R005,Green Bowl,Chinese,Mumbai,Manchurian,No,Sunny,No,2025,Qtr 2,June,24,115,54,0.103826087,4.913580247,77.77777778,54,243,20,189,22,11.94
R005,Green Bowl,Chinese,Mumbai,Manchurian,No,Sunny,No,2025,Qtr 4,November,3,101,26,0.069108911,2.825910931,89.47368421,26,247,5,221,32,6.98
R005,Green Bowl,Chinese,Mumbai,Manchurian,No,Sunny,No,2025,Qtr 4,December,15,77,20,0.057402597,2.728395062,87.65432099,20,162,25,142,25,4.42
R005,Green Bowl,Chinese,Mumbai,Manchurian,No,Sunny,Yes,2025,Qtr 1,February,23,200,50,0.05395,3.720689655,82.75862069,50,290,0,240,30,10.79
R005,Green Bowl,Chinese,Mumbai,Manchurian,No,Sunny,Yes,2025,Qtr 4,October,18,106,50,0.125188679,6.441747573,75.72815534,50,206,0,156,29,13.27
R005,Green Bowl,Chinese,Mumbai,Noodles,No,Cloudy,No,2025,Qtr 2,April,9,38,0,0,0,100,0,55,10,55,33,0
R005,Green Bowl,Chinese,Mumbai,Noodles,No,Cloudy,No,2025,Qtr 3,July,29,184,20,0.020163043,1.73364486,90.65420561,20,214,0,194,25,3.71
R005,Green Bowl,Chinese,Mumbai,Noodles,No,Cloudy,No,2025,Qtr 4,October,7,114,46,0.11245614,6.507614213,76.64974619,46,197,25,151,23,12.82
R005,Green Bowl,Chinese,Mumbai,Noodles,No,Cloudy,No,2025,Qtr 4,November,13,26,18,0.128461538,5.21875,71.875,18,64,10,46,25,3.34
R005,Green Bowl,Chinese,Mumbai,Noodles,No,Cloudy,Yes,2025,Qtr 4,November,8,172,43,0.050523256,3.254681648,83.89513109,43,267,20,224,38,8.69
R005,Green Bowl,Chinese,Mumbai,Noodles,No,Rainy,No,2025,Qtr 1,January,28,133,89,0.185263158,9.058823529,67.27941176,89,272,10,183,26,24.64
R005,Green Bowl,Chinese,Mumbai,Noodles,No,Rainy,No,2025,Qtr 3,August,19,78,57,0.164487179,7.591715976,66.27218935,57,169,10,112,33,12.83
R005,Green Bowl,Chinese,Mumbai,Noodles,No,Rainy,Yes,2025,Qtr 1,February,23,58,6,0.032413793,1.579831933,94.95798319,6,119,25,113,33,1.88
R005,Green Bowl,Chinese,Mumbai,Noodles,No,Sunny,No,2025,Qtr 1,February,4,62,76,0.356451613,11.33333333,61.02564103,76,195,10,119,37,22.1
R005,Green Bowl,Chinese,Mumbai,Noodles,No,Sunny,No,2025,Qtr 1,February,12,158,74,0.132974684,7.195205479,74.65753425,74,292,5,218,39,21.01
R005,Green Bowl,Chinese,Mumbai,Noodles,No,Sunny,No,2025,Qtr 2,April,4,155,29,0.063548387,4.020408163,88.16326531,29,245,20,216,30,9.85
R005,Green Bowl,Chinese,Mumbai,Noodles,No,Sunny,No,2025,Qtr 2,April,15,106,36,0.078490566,3.764705882,83.71040724,36,221,5,185,29,8.32
R005,Green Bowl,Chinese,Mumbai,Noodles,No,Sunny,No,2025,Qtr 2,April,23,106,33,0.068679245,5.824,73.6,33,125,5,92,39,7.28
R005,Green Bowl,Chinese,Mumbai,Noodles,No,Sunny,No,2025,Qtr 4,December,18,40,5,0.023,1.095238095,94.04761905,5,84,5,79,37,0.92
R005,Green Bowl,Chinese,Mumbai,Noodles,No,Sunny,No,2025,Qtr 4,December,29,58,39,0.220172414,7.692771084,76.5060241,39,166,5,127,38,12.77
R005,Green Bowl,Chinese,Mumbai,Noodles,No,Sunny,Yes,2025,Qtr 1,February,16,35,45,0.407428571,12.96363636,59.09090909,45,110,20,65,32,14.26
R005,Green Bowl,Chinese,Mumbai,Noodles,No,Sunny,Yes,2025,Qtr 1,March,9,65,13,0.049230769,2.352941176,90.44117647,13,136,25,123,35,3.2
R005,Green Bowl,Chinese,Mumbai,Noodles,No,Sunny,Yes,2025,Qtr 1,March,29,140,19,0.042928571,2.037288136,93.55932203,19,295,15,276,35,6.01
R005,Green Bowl,Chinese,Mumbai,Noodles,Yes,Sunny,No,2025,Qtr 4,October,8,164,29,0.052134146,3.25095057,88.97338403,29,263,20,234,31,8.55
R005,Green Bowl,Italian,Mumbai,Pasta,No,Cloudy,No,2025,Qtr 2,April,3,90,23,0.077555556,3.388349515,88.83495146,23,206,25,183,33,6.98
R005,Green Bowl,Italian,Mumbai,Pasta,No,Cloudy,No,2025,Qtr 3,July,16,172,92,0.136046512,9.62962963,62.1399177,92,243,10,151,24,23.4
R005,Green Bowl,Italian,Mumbai,Pasta,No,Cloudy,No,2025,Qtr 3,September,10,116,61,0.105172414,4.765625,76.171875,61,256,5,195,29,12.2
R005,Green Bowl,Italian,Mumbai,Pasta,No,Cloudy,No,2025,Qtr 3,September,18,137,64,0.131751825,7.248995984,74.29718876,64,249,5,185,27,18.05
R005,Green Bowl,Italian,Mumbai,Pasta,No,Cloudy,No,2025,Qtr 4,October,28,37,17,0.089189189,4.17721519,78.48101266,17,79,25,62,36,3.3
R005,Green Bowl,Italian,Mumbai,Pasta,No,Cloudy,No,2025,Qtr 4,October,31,83,0,0,0,100,0,82,25,82,38,0
R005,Green Bowl,Italian,Mumbai,Pasta,No,Cloudy,No,2025,Qtr 4,December,26,73,41,0.120547945,5.789473684,73.02631579,41,152,5,111,39,8.8
R005,Green Bowl,Italian,Mumbai,Pasta,No,Cloudy,Yes,2025,Qtr 2,April,6,78,18,0.065897436,2.954022989,89.65517241,18,174,15,156,27,5.14
R005,Green Bowl,Italian,Mumbai,Pasta,No,Rainy,No,2025,Qtr 4,December,15,37,16,0.120810811,5.258823529,81.17647059,16,85,10,69,37,4.47
R005,Green Bowl,Italian,Mumbai,Pasta,No,Sunny,No,2025,Qtr 1,January,9,23,8,0.094347826,4.254901961,84.31372549,8,51,20,43,35,2.17
R005,Green Bowl,Italian,Mumbai,Pasta,No,Sunny,No,2025,Qtr 2,April,15,179,35,0.064916201,3.979452055,88.01369863,35,292,15,257,39,11.62
R005,Green Bowl,Italian,Mumbai,Pasta,No,Sunny,No,2025,Qtr 2,June,9,55,29,0.157454545,6.414814815,78.51851852,29,135,15,106,39,8.66
R005,Green Bowl,Italian,Mumbai,Pasta,No,Sunny,No,2025,Qtr 2,June,20,151,19,0.030860927,2.439790576,90.05235602,19,191,10,172,34,4.66
R005,Green Bowl,Italian,Mumbai,Pasta,No,Sunny,No,2025,Qtr 2,June,26,96,87,0.1753125,5.724489796,70.40816327,87,294,10,207,26,16.83
R005,Green Bowl,Italian,Mumbai,Pasta,No,Sunny,No,2025,Qtr 3,July,21,49,16,0.091836735,6,78.66666667,16,75,5,59,30,4.5
R005,Green Bowl,Italian,Mumbai,Pasta,No,Sunny,No,2025,Qtr 3,August,14,53,21,0.08490566,3.333333333,84.44444444,21,135,20,114,26,4.5
R005,Green Bowl,Italian,Mumbai,Pasta,No,Sunny,No,2025,Qtr 3,September,11,94,21,0.074468085,3.255813953,90.23255814,21,215,5,194,24,7
R005,Green Bowl,Italian,Mumbai,Pasta,No,Sunny,No,2025,Qtr 4,October,15,120,58,0.15,6.71641791,78.35820896,58,268,15,210,23,18
R005,Green Bowl,Italian,Mumbai,Pasta,No,Sunny,No,2025,Qtr 4,November,7,41,32,0.208536585,7.18487395,73.1092437,32,119,5,87,22,8.55
R005,Green Bowl,Italian,Mumbai,Pasta,No,Sunny,No,2025,Qtr 4,December,30,153,53,0.118169935,8.488262911,75.11737089,53,213,10,160,25,18.08
R005,Green Bowl,Italian,Mumbai,Pasta,No,Sunny,Yes,2025,Qtr 1,February,16,72,25,0.081944444,3.470588235,85.29411765,25,170,0,145,32,5.9
R005,Green Bowl,Italian,Mumbai,Pasta,No,Sunny,Yes,2025,Qtr 2,April,5,214,28,0.032616822,2.604477612,89.55223881,28,268,5,240,37,6.98
R005,Green Bowl,Italian,Mumbai,Pasta,No,Sunny,Yes,2025,Qtr 4,October,18,266,9,0.011428571,1.211155378,96.41434263,9,251,25,242,29,3.04
R005,Green Bowl,Italian,Mumbai,Pasta,Yes,Rainy,Yes,2025,Qtr 4,October,19,115,14,0.027391304,1.514423077,93.26923077,14,208,5,194,25,3.15
R005,Green Bowl,Italian,Mumbai,Pizza,No,Cloudy,No,2025,Qtr 3,August,1,29,27,0.256551724,8.454545455,69.31818182,27,88,0,61,40,7.44
R005,Green Bowl,Italian,Mumbai,Pizza,No,Cloudy,No,2025,Qtr 3,September,19,82,78,0.233902439,7.672,68.8,78,250,0,172,31,19.18
R005,Green Bowl,Italian,Mumbai,Pizza,No,Cloudy,Yes,2025,Qtr 3,September,13,93,16,0.030967742,1.756097561,90.24390244,16,164,0,148,37,2.88
R005,Green Bowl,Italian,Mumbai,Pizza,No,Cloudy,Yes,2025,Qtr 4,November,1,67,17,0.083432836,7.075949367,78.48101266,17,79,10,62,31,5.59
R005,Green Bowl,Italian,Mumbai,Pizza,No,Rainy,No,2025,Qtr 1,January,24,80,91,0.268125,8.755102041,62.85714286,91,245,10,154,28,21.45
R005,Green Bowl,Italian,Mumbai,Pizza,No,Rainy,No,2025,Qtr 1,February,28,73,67,0.203287671,6.714932127,69.68325792,67,221,20,154,29,14.84
R005,Green Bowl,Italian,Mumbai,Pizza,No,Rainy,No,2025,Qtr 2,June,6,252,51,0.03797619,3.454873646,81.58844765,51,277,15,226,27,9.57
R005,Green Bowl,Italian,Mumbai,Pizza,No,Rainy,No,2025,Qtr 2,June,20,23,15,0.149565217,6.615384615,71.15384615,15,52,15,37,35,3.44
R005,Green Bowl,Italian,Mumbai,Pizza,No,Rainy,No,2025,Qtr 3,September,1,50,70,0.376,11.39393939,57.57575758,70,165,10,95,29,18.8
R005,Green Bowl,Italian,Mumbai,Pizza,No,Rainy,No,2025,Qtr 3,September,23,197,56,0.080101523,5.977272727,78.78787879,56,264,5,208,25,15.78
R005,Green Bowl,Italian,Mumbai,Pizza,No,Rainy,No,2025,Qtr 4,November,7,39,14,0.071794872,3.783783784,81.08108108,14,74,20,60,23,2.8
R005,Green Bowl,Italian,Mumbai,Pizza,No,Sunny,No,2025,Qtr 2,April,17,96,10,0.0265625,1.301020408,94.89795918,10,196,20,186,38,2.55
R005,Green Bowl,Italian,Mumbai,Pizza,No,Sunny,No,2025,Qtr 2,May,19,200,25,0.0331,2.942222222,88.88888889,25,225,15,200,22,6.62
R005,Green Bowl,Italian,Mumbai,Pizza,No,Sunny,No,2025,Qtr 2,June,6,85,13,0.043529412,3.59223301,87.37864078,13,103,25,90,33,3.7
R005,Green Bowl,Italian,Mumbai,Pizza,No,Sunny,No,2025,Qtr 2,June,19,102,71,0.225196078,8.088028169,75,71,284,5,213,26,22.97
R005,Green Bowl,Italian,Mumbai,Pizza,No,Sunny,No,2025,Qtr 3,July,1,169,75,0.14443787,8.246621622,74.66216216,75,296,5,221,36,24.41
R005,Green Bowl,Italian,Mumbai,Pizza,No,Sunny,No,2025,Qtr 3,July,22,108,50,0.153888889,6,81.94945848,50,277,15,227,29,16.62
R005,Green Bowl,Italian,Mumbai,Pizza,No,Sunny,No,2025,Qtr 3,August,12,47,7,0.051489362,2.781609195,91.95402299,7,87,10,80,36,2.42
R005,Green Bowl,Italian,Mumbai,Pizza,No,Sunny,No,2025,Qtr 3,September,16,92,35,0.085108696,4.633136095,79.28994083,35,169,25,134,25,7.83
R005,Green Bowl,Italian,Mumbai,Pizza,No,Sunny,No,2025,Qtr 4,October,31,205,18,0.017414634,1.767326733,91.08910891,18,202,15,184,39,3.57
R005,Green Bowl,Italian,Mumbai,Pizza,No,Sunny,No,2025,Qtr 4,November,3,109,41,0.123944954,5.38247012,83.66533865,41,251,15,210,22,13.51
R005,Green Bowl,Italian,Mumbai,Pizza,No,Sunny,No,2025,Qtr 4,December,4,25,26,0.2268,7.985915493,63.38028169,26,71,5,45,32,5.67
R005,Green Bowl,Italian,Mumbai,Pizza,No,Sunny,Yes,2025,Qtr 3,August,31,110,33,0.056727273,2.4375,87.109375,33,256,15,223,25,6.24
R005,Green Bowl,Italian,Mumbai,Pizza,No,Sunny,Yes,2025,Qtr 4,November,22,93,6,0.016451613,1.026845638,95.97315436,6,149,10,143,27,1.53
R005,Green Bowl,North Indian,Mumbai,Biryani,No,Cloudy,No,2025,Qtr 1,January,8,165,25,0.052060606,3.609243697,89.49579832,25,238,25,213,24,8.59
R005,Green Bowl,North Indian,Mumbai,Biryani,No,Cloudy,Yes,2025,Qtr 3,July,26,67,48,0.213880597,8.737804878,70.73170732,48,164,20,116,39,14.33
R005,Green Bowl,North Indian,Mumbai,Biryani,No,Rainy,No,2025,Qtr 1,January,3,75,39,0.136,6.538461538,75,39,156,25,117,23,10.2
R005,Green Bowl,North Indian,Mumbai,Biryani,No,Rainy,No,2025,Qtr 1,February,14,45,50,0.289555556,11.84545455,54.54545455,50,110,0,60,28,13.03
R005,Green Bowl,North Indian,Mumbai,Biryani,No,Rainy,No,2025,Qtr 2,May,6,44,12,0.059318182,2.868131868,86.81318681,12,91,25,79,30,2.61
R005,Green Bowl,North Indian,Mumbai,Biryani,No,Rainy,No,2025,Qtr 3,August,15,46,55,0.238913043,8.080882353,59.55882353,55,136,5,81,37,10.99
R005,Green Bowl,North Indian,Mumbai,Biryani,No,Rainy,Yes,2025,Qtr 4,October,19,38,25,0.139736842,7.925373134,62.68656716,25,67,20,42,40,5.31
R005,Green Bowl,North Indian,Mumbai,Biryani,No,Sunny,No,2025,Qtr 1,March,6,103,40,0.082135922,3.971830986,81.22065728,40,213,25,173,33,8.46
R005,Green Bowl,North Indian,Mumbai,Biryani,No,Sunny,No,2025,Qtr 2,April,10,39,53,0.272307692,8.496,57.6,53,125,5,72,24,10.62
R005,Green Bowl,North Indian,Mumbai,Biryani,No,Sunny,No,2025,Qtr 2,June,23,149,10,0.016040268,1.313186813,94.50549451,10,182,25,172,25,2.39
R005,Green Bowl,North Indian,Mumbai,Biryani,No,Sunny,No,2025,Qtr 3,July,7,80,29,0.1215,6.437086093,80.79470199,29,151,0,122,30,9.72
R005,Green Bowl,North Indian,Mumbai,Biryani,No,Sunny,No,2025,Qtr 4,October,2,61,21,0.096065574,6.659090909,76.13636364,21,88,25,67,38,5.86
R005,Green Bowl,North Indian,Mumbai,Biryani,No,Sunny,No,2025,Qtr 4,October,7,62,6,0.029032258,1.875,93.75,6,96,25,90,39,1.8
R005,Green Bowl,North Indian,Mumbai,Biryani,No,Sunny,Yes,2025,Qtr 1,March,15,78,3,0.009230769,0.580645161,97.58064516,3,124,15,121,33,0.72
R005,Green Bowl,North Indian,Mumbai,Biryani,No,Sunny,Yes,2025,Qtr 2,April,13,75,0,0,0,100,0,97,25,97,22,0
R005,Green Bowl,North Indian,Mumbai,Biryani,No,Sunny,Yes,2025,Qtr 2,June,28,42,3,0.01547619,0.8125,96.25,3,80,5,77,39,0.65
R005,Green Bowl,North Indian,Mumbai,Biryani,No,Sunny,Yes,2025,Qtr 3,July,20,94,17,0.05212766,3.92,86.4,17,125,0,108,29,4.9
R005,Green Bowl,North Indian,Mumbai,Biryani,No,Sunny,Yes,2025,Qtr 3,September,13,59,12,0.05779661,3.278846154,88.46153846,12,104,25,92,36,3.41
R005,Green Bowl,North Indian,Mumbai,Biryani,Yes,Rainy,No,2025,Qtr 4,October,6,131,85,0.179160305,9.276679842,66.40316206,85,253,10,168,34,23.47
R005,Green Bowl,North Indian,Mumbai,Naan,No,Cloudy,No,2025,Qtr 1,February,18,93,29,0.092580645,4.24137931,85.71428571,29,203,25,174,34,8.61
R005,Green Bowl,North Indian,Mumbai,Naan,No,Cloudy,No,2025,Qtr 2,April,7,39,0,0,0,100,0,67,20,67,27,0
R005,Green Bowl,North Indian,Mumbai,Naan,No,Cloudy,No,2025,Qtr 4,December,1,95,15,0.050315789,3.273972603,89.7260274,15,146,15,131,24,4.78
R005,Green Bowl,North Indian,Mumbai,Naan,No,Cloudy,Yes,2025,Qtr 1,March,22,73,33,0.120410959,7.643478261,71.30434783,33,115,0,82,40,8.79
R005,Green Bowl,North Indian,Mumbai,Naan,No,Cloudy,Yes,2025,Qtr 1,March,23,51,0,0,0,100,0,95,5,95,40,0
R005,Green Bowl,North Indian,Mumbai,Naan,No,Rainy,No,2025,Qtr 2,April,24,122,65,0.123114754,6.675555556,71.11111111,65,225,25,160,37,15.02
R005,Green Bowl,North Indian,Mumbai,Naan,No,Rainy,No,2025,Qtr 3,September,3,71,30,0.095774648,5.483870968,75.80645161,30,124,15,94,25,6.8
R005,Green Bowl,North Indian,Mumbai,Naan,No,Rainy,No,2025,Qtr 4,October,9,92,88,0.172173913,5.519163763,69.33797909,88,287,15,199,33,15.84
R005,Green Bowl,North Indian,Mumbai,Naan,No,Sunny,No,2025,Qtr 2,May,27,145,0,0,0,100,0,197,15,197,28,0
R005,Green Bowl,North Indian,Mumbai,Naan,No,Sunny,No,2025,Qtr 4,October,15,240,46,0.057416667,4.608695652,84.61538462,46,299,25,253,39,13.78
R005,Green Bowl,North Indian,Mumbai,Naan,No,Sunny,No,2025,Qtr 4,November,17,100,71,0.1491,6.839449541,67.43119266,71,218,5,147,23,14.91
R005,Green Bowl,North Indian,Mumbai,Naan,No,Sunny,Yes,2025,Qtr 2,April,27,56,26,0.147857143,7.666666667,75.92592593,26,108,20,82,28,8.28
R005,Green Bowl,North Indian,Mumbai,Naan,No,Sunny,Yes,2025,Qtr 3,July,19,29,3,0.018965517,0.833333333,95.45454545,3,66,15,63,31,0.55
R005,Green Bowl,North Indian,Mumbai,Naan,No,Sunny,Yes,2025,Qtr 4,December,7,202,8,0.012475248,0.969230769,96.92307692,8,260,15,252,32,2.52
R005,Green Bowl,North Indian,Mumbai,Naan,No,Sunny,Yes,2025,Qtr 4,December,28,108,46,0.128425926,7.538043478,75,46,184,5,138,24,13.87
R005,Green Bowl,North Indian,Mumbai,Paneer Butter Masala,No,Cloudy,No,2025,Qtr 3,August,25,81,46,0.167654321,6.375586854,78.40375587,46,213,15,167,30,13.58
R005,Green Bowl,North Indian,Mumbai,Paneer Butter Masala,No,Cloudy,Yes,2025,Qtr 2,June,21,59,0,0,0,100,0,111,20,111,37,0
R005,Green Bowl,North Indian,Mumbai,Paneer Butter Masala,No,Rainy,No,2025,Qtr 1,January,15,80,63,0.24175,11.11494253,63.79310345,63,174,25,111,24,19.34
R005,Green Bowl,North Indian,Mumbai,Paneer Butter Masala,No,Rainy,No,2025,Qtr 1,March,27,52,9,0.0525,2.353448276,92.24137931,9,116,20,107,38,2.73
R005,Green Bowl,North Indian,Mumbai,Paneer Butter Masala,No,Rainy,No,2025,Qtr 2,May,19,191,62,0.102879581,7.705882353,75.68627451,62,255,5,193,35,19.65
R005,Green Bowl,North Indian,Mumbai,Paneer Butter Masala,No,Rainy,No,2025,Qtr 2,June,9,163,56,0.110490798,7.796536797,75.75757576,56,231,20,175,26,18.01
R005,Green Bowl,North Indian,Mumbai,Paneer Butter Masala,No,Rainy,No,2025,Qtr 3,July,11,145,62,0.078413793,4.640816327,74.69387755,62,245,20,183,38,11.37
R005,Green Bowl,North Indian,Mumbai,Paneer Butter Masala,No,Rainy,Yes,2025,Qtr 1,January,12,226,42,0.055619469,4.395104895,85.31468531,42,286,15,244,29,12.57
R005,Green Bowl,North Indian,Mumbai,Paneer Butter Masala,No,Rainy,Yes,2025,Qtr 2,June,8,92,22,0.082717391,3.367256637,90.26548673,22,226,15,204,38,7.61
R005,Green Bowl,North Indian,Mumbai,Paneer Butter Masala,No,Sunny,No,2025,Qtr 2,May,21,123,47,0.094878049,4.64940239,81.2749004,47,251,20,204,40,11.67
R005,Green Bowl,North Indian,Mumbai,Paneer Butter Masala,No,Sunny,No,2025,Qtr 4,October,28,133,17,0.044736842,3.035714286,91.32653061,17,196,25,179,37,5.95
R005,Green Bowl,North Indian,Mumbai,Paneer Butter Masala,No,Sunny,No,2025,Qtr 4,October,29,38,6,0.052105263,2.414634146,92.68292683,6,82,20,76,26,1.98
R005,Green Bowl,North Indian,Mumbai,Paneer Butter Masala,No,Sunny,No,2025,Qtr 4,December,3,111,26,0.072522523,4.653179191,84.97109827,26,173,20,147,25,8.05
R005,Green Bowl,North Indian,Mumbai,Paneer Butter Masala,No,Sunny,Yes,2025,Qtr 1,January,19,71,16,0.066901408,2.844311377,90.41916168,16,167,10,151,38,4.75
R005,Green Bowl,North Indian,Mumbai,Paneer Butter Masala,No,Sunny,Yes,2025,Qtr 1,February,8,67,49,0.17880597,8.377622378,65.73426573,49,143,0,94,38,11.98
R005,Green Bowl,North Indian,Mumbai,Paneer Butter Masala,No,Sunny,Yes,2025,Qtr 4,October,11,75,13,0.060133333,4.378640777,87.37864078,13,103,5,90,29,4.51
R005,Green Bowl,South Indian,Mumbai,Dosa,No,Cloudy,No,2025,Qtr 3,August,26,99,57,0.157070707,5.935114504,78.24427481,57,262,0,205,24,15.55
R005,Green Bowl,South Indian,Mumbai,Dosa,No,Rainy,No,2025,Qtr 2,May,14,58,11,0.042586207,2.655913978,88.17204301,11,93,5,82,32,2.47
R005,Green Bowl,South Indian,Mumbai,Dosa,No,Rainy,No,2025,Qtr 2,May,30,73,56,0.193150685,8.703703704,65.43209877,56,162,10,106,31,14.1
R005,Green Bowl,South Indian,Mumbai,Dosa,No,Rainy,No,2025,Qtr 2,June,17,36,45,0.435555556,18.02298851,48.27586207,45,87,15,42,29,15.68
R005,Green Bowl,South Indian,Mumbai,Dosa,No,Rainy,No,2025,Qtr 3,July,23,73,72,0.262876712,10.90340909,59.09090909,72,176,5,104,38,19.19
R005,Green Bowl,South Indian,Mumbai,Dosa,No,Rainy,Yes,2025,Qtr 2,April,12,154,46,0.100584416,8.702247191,74.15730337,46,178,0,132,39,15.49
R005,Green Bowl,South Indian,Mumbai,Dosa,No,Rainy,Yes,2025,Qtr 3,July,19,292,36,0.026849315,2.648648649,87.83783784,36,296,15,260,24,7.84
R005,Green Bowl,South Indian,Mumbai,Dosa,No,Sunny,No,2025,Qtr 1,January,23,127,8,0.021181102,1.769736842,94.73684211,8,152,0,144,39,2.69
R005,Green Bowl,South Indian,Mumbai,Dosa,No,Sunny,No,2025,Qtr 3,September,25,121,51,0.112975207,5.719665272,78.66108787,51,239,0,188,25,13.67
R005,Green Bowl,South Indian,Mumbai,Dosa,No,Sunny,No,2025,Qtr 4,November,19,22,39,0.548636364,15.0875,51.25,39,80,10,41,33,12.07
R005,Green Bowl,South Indian,Mumbai,Dosa,No,Sunny,Yes,2025,Qtr 4,November,29,102,31,0.055,2.449781659,86.4628821,31,229,10,198,29,5.61
R005,Green Bowl,South Indian,Mumbai,Idli,No,Cloudy,No,2025,Qtr 1,January,10,43,32,0.163953488,6.130434783,72.17391304,32,115,25,83,26,7.05
R005,Green Bowl,South Indian,Mumbai,Idli,No,Rainy,No,2025,Qtr 1,February,24,82,57,0.177682927,7.75,69.68085106,57,188,0,131,32,14.57
R005,Green Bowl,South Indian,Mumbai,Idli,No,Rainy,No,2025,Qtr 3,July,3,106,112,0.240754717,8.891986063,60.97560976,112,287,10,175,31,25.52
R005,Green Bowl,South Indian,Mumbai,Idli,No,Rainy,No,2025,Qtr 3,August,13,177,87,0.135480226,9.440944882,65.7480315,87,254,20,167,25,23.98
R005,Green Bowl,South Indian,Mumbai,Idli,No,Rainy,No,2025,Qtr 3,August,20,52,70,0.37,11.59036145,57.8313253,70,166,5,96,23,19.24
R005,Green Bowl,South Indian,Mumbai,Idli,No,Rainy,Yes,2025,Qtr 2,May,10,90,59,0.225888889,11.3575419,67.03910615,59,179,25,120,31,20.33
R005,Green Bowl,South Indian,Mumbai,Idli,No,Sunny,No,2025,Qtr 2,April,28,44,11,0.074090909,3.134615385,89.42307692,11,104,0,93,40,3.26
R005,Green Bowl,South Indian,Mumbai,Idli,No,Sunny,Yes,2025,Qtr 4,December,27,93,26,0.069032258,3.32642487,86.52849741,26,193,10,167,33,6.42
R005,Green Bowl,South Indian,Mumbai,Idli,Yes,Cloudy,No,2025,Qtr 3,September,8,129,15,0.023643411,2.3828125,88.28125,15,128,0,113,33,3.05
R005,Green Bowl,South Indian,Mumbai,Meals,No,Cloudy,No,2025,Qtr 2,May,23,98,50,0.15877551,7.237209302,76.74418605,50,215,20,165,27,15.56
R005,Green Bowl,South Indian,Mumbai,Meals,No,Rainy,No,2025,Qtr 1,February,20,93,53,0.127741935,5.256637168,76.54867257,53,226,15,173,28,11.88
R005,Green Bowl,South Indian,Mumbai,Meals,No,Rainy,No,2025,Qtr 2,June,26,41,27,0.17097561,7.01,73,27,100,10,73,28,7.01
R005,Green Bowl,South Indian,Mumbai,Meals,No,Sunny,No,2025,Qtr 3,August,21,100,45,0.1334,6.841025641,76.92307692,45,195,0,150,33,13.34
R005,Green Bowl,South Indian,Mumbai,Meals,No,Sunny,No,2025,Qtr 3,August,29,46,0,0,0,100,0,61,0,61,33,0
R005,Green Bowl,South Indian,Mumbai,Meals,No,Sunny,No,2025,Qtr 4,December,16,99,51,0.136363636,5.555555556,79.01234568,51,243,0,192,32,13.5
R005,Green Bowl,South Indian,Mumbai,Meals,No,Sunny,Yes,2025,Qtr 1,March,2,123,53,0.134878049,5.882978723,81.20567376,53,282,0,229,24,16.59
R005,Green Bowl,South Indian,Mumbai,Meals,No,Sunny,Yes,2025,Qtr 3,August,23,236,27,0.034915254,3.779816514,87.6146789,27,218,15,191,38,8.24
R005,Green Bowl,South Indian,Mumbai,Meals,No,Sunny,Yes,2025,Qtr 4,October,18,114,36,0.067105263,2.965116279,86.04651163,36,258,5,222,28,7.65
R005,Green Bowl,South Indian,Mumbai,Pongal,No,Cloudy,No,2025,Qtr 3,August,7,89,60,0.205617978,7.561983471,75.20661157,60,242,5,182,39,18.3
R005,Green Bowl,South Indian,Mumbai,Pongal,No,Rainy,No,2025,Qtr 1,January,30,54,6,0.038148148,3.322580645,90.32258065,6,62,20,56,38,2.06
R005,Green Bowl,South Indian,Mumbai,Pongal,No,Rainy,No,2025,Qtr 3,July,17,24,0,0,0,100,0,53,25,53,34,0
R005,Green Bowl,South Indian,Mumbai,Pongal,No,Rainy,No,2025,Qtr 3,August,8,195,53,0.057948718,3.896551724,81.72413793,53,290,25,237,37,11.3
R005,Green Bowl,South Indian,Mumbai,Pongal,No,Sunny,No,2025,Qtr 4,November,13,42,4,0.030238095,1.530120482,95.18072289,4,83,25,79,26,1.27
R005,Green Bowl,South Indian,Mumbai,Pongal,No,Sunny,Yes,2025,Qtr 4,November,30,286,56,0.058986014,5.817241379,80.68965517,56,290,10,234,22,16.87
R005,Green Bowl,South Indian,Mumbai,Pongal,No,Sunny,Yes,2025,Qtr 4,December,28,71,41,0.10971831,3.974489796,79.08163265,41,196,25,155,28,7.79
R005,Green Bowl,South Indian,Mumbai,Pongal,Yes,Rainy,No,2025,Qtr 3,August,28,183,50,0.090601093,5.985559567,81.94945848,50,277,25,227,38,16.58
R005,Green Bowl,South Indian,Mumbai,Pongal,Yes,Sunny,No,2025,Qtr 3,August,28,72,33,0.105972222,4.739130435,79.50310559,33,161,5,128,37,7.63
